id,Name,Gender,age,Birthdate,Address
d2aca197-fe54-47df-996a-c4f54abad788,장예진,Male,43,1969-4-2,서울 서구 48길 44
33d1f785-d5a3-4bd6-a5e5-aa7572d4fe88,강준영,Female,37,1998-1-23,울산 중구 43로 25
cf42bf30-c178-4d1c-82eb-684d01b0bea4,최하은,Male,50,2003-11-16,인천 동구 1로 77
1886a120-90ed-4034-823c-6697e3309b08,최은지,Male,32,1961-9-26,광주 동구 89로 93
b4a04092-e68f-4837-adee-183a98b6f14c,조지훈,Female,10,1987-12-21,광주 강서구 90로 41
fcff7339-540b-4fb3-9c98-80eb0e237431,장승현,Female,59,1988-4-7,부산 북구 68길 35
6d1e7293-089f-4e21-b89a-3c8841e09b18,김은지,Male,32,1970-9-17,서울 중구 13길 95
5bbcb4c4-99ca-47ab-aaa6-ccc4a4ce6552,조예진,Female,68,1990-11-18,인천 강남구 84로 20
7e2f5daa-f7dd-4568-acee-7eedb1dac473,장지훈,Female,31,2008-8-14,서울 강동구 22로 29
a4d0e847-ba23-4e07-bb1d-a4cdfc29971f,박준영,Male,36,2002-11-16,대전 동구 73길 14
cc9ffb82-732f-41e0-9e9c-0015b152fbfd,이하은,Male,33,1979-12-24,인천 서구 62로 81
d5a6ab49-cfbc-4bc9-9415-734a40f27bec,장하은,Female,25,1985-3-26,울산 남구 26로 65
d0e9c9c1-3490-4ef6-8a90-6594dbe1881c,장은지,Female,47,1968-8-13,대전 강남구 24로 95
b24b77ec-6a6c-4d6e-bdcf-ca865e7a0e1a,최은지,Male,69,2004-3-28,부산 강동구 38길 26
1bb18d70-254d-4c71-bc15-bf48249ca220,조예진,Female,22,1988-9-25,광주 강동구 8로 42
2b708f07-768b-4ead-9bf0-92e77841518e,조준영,Male,50,1976-6-9,대구 강서구 4길 89
bc7098a2-0726-4af1-ae63-c39f0a7d106b,박지훈,Female,67,2007-9-5,부산 강서구 85길 51
dd4fd348-23b8-4408-86e6-11c379148c9b,조예진,Male,12,1999-6-8,인천 중구 30로 59
832de312-9689-465d-b1fc-4289b7bb3adc,조하은,Female,69,1985-4-13,부산 강남구 81길 78
084fc01d-4636-48f9-8fa3-e31b730a6739,최지훈,Male,45,2000-2-18,부산 서구 31로 6
d0503f69-a4bf-4374-8893-807f8cbdc400,조지훈,Male,54,1987-4-4,인천 남구 81길 94
7a99c016-ab57-4e07-a303-4a544137bef2,최준영,Female,26,1963-5-9,서울 북구 37로 13
9674fd15-5021-4f81-b05e-509b3f3e8d31,김예진,Female,68,1982-11-25,부산 서구 48길 27
672d1f4c-9c59-4c51-9375-af532c52e6a0,김지현,Female,57,1961-4-17,서울 강서구 45로 19
2eb9f6ad-01e2-4bd0-ae2e-603f572082f6,장지현,Male,22,1973-10-4,대구 중구 66길 74
17796e21-d582-4673-bd54-4a2a72879589,조지현,Male,27,1974-8-10,부산 강남구 84로 87
96f480b5-6965-4102-8216-6aef44b7ba52,장지현,Male,34,1977-4-13,부산 북구 41길 57
d5c6fddf-1aa4-4d6c-ac7c-4cf222c5caa0,강준영,Female,58,1962-3-18,인천 남구 15길 16
797312c4-dfa2-4fb8-a129-2b45e0d03d6d,최하은,Female,45,1997-9-13,울산 동구 73로 12
0467e59c-327c-4b5e-9e2e-41880cd82dfc,강승현,Female,21,2010-10-28,대구 중구 23로 74
6a94648b-9a19-44e2-b844-09e94c4b9304,장예진,Female,46,1967-10-23,서울 중구 51길 9
64b6d92f-317d-48ab-a8bb-be5a4ca0d3c2,박예진,Male,69,1965-7-12,인천 남구 26길 9
b0297636-ab43-4174-9e93-ccb90776cbff,조예진,Male,67,1974-9-7,대구 북구 22길 59
33a86c31-7d8c-45bf-8e9b-71c0928e50fd,장예진,Female,35,1985-6-26,광주 동구 33길 91
ba631bf4-4308-4976-92ca-944029121426,최은지,Male,58,1989-3-20,광주 서구 77로 92
25cc6746-ee86-44fe-9e06-c186b94583cf,장은지,Female,36,1976-1-28,대전 강남구 28로 82
6f8125b2-6159-4920-b4b3-4f57c12bcdbb,장승현,Male,57,1960-12-17,울산 북구 79길 93
8871ff45-f72c-4830-8bbe-f371a500259d,최지훈,Male,29,1999-9-19,대구 남구 31로 37
828f0ba1-d3af-4f2f-b504-0706e0b126c7,강지현,Female,50,1962-4-9,광주 북구 40로 95
c6d53ad2-7b17-4a20-9cff-e8b5783bb4e7,최하은,Male,36,1964-4-13,대구 강남구 54로 55
71b91908-041a-467c-851c-b088fb372694,이지훈,Female,55,1971-7-27,부산 강남구 25길 23
6068c292-8111-4fb3-9992-dae7021c4c4f,김예진,Female,18,1976-9-2,서울 서구 1로 9
271540d6-e974-4bcc-8993-e51ae0d2ff49,김지현,Male,41,1970-4-14,서울 중구 35로 78
80558f5c-d3e5-4a9c-bb55-43bafb72eccd,강지훈,Female,61,2006-3-1,서울 강동구 25로 33
1e1bb722-56f0-4eb2-bcb8-94c91f5411e7,장하은,Male,45,1986-11-5,대구 강남구 20길 48
8c8f04b4-05e5-43eb-aa8f-15f94fb9bbc1,장승현,Male,27,1995-2-27,광주 강서구 42길 81
2f0f6e31-6625-4bbc-9221-07c08c8c5758,장예진,Male,29,1964-4-12,서울 강서구 59로 89
d99559f3-dfc9-438d-90a4-c46ac571e459,강은지,Female,59,2006-8-8,서울 남구 93길 59
6933edf9-f117-4afe-9e4d-e7e178a2d6a1,강은지,Female,48,1991-3-23,대전 남구 93길 25
58c5bb41-3a59-4b4c-9543-4a996c167e4a,이예진,Male,55,1983-10-7,광주 중구 23로 64
e1c8d893-34ab-4314-90f7-fff459ae9862,강은지,Female,66,1973-12-19,부산 강서구 15길 29
ff10f013-75e6-4e2a-b859-b02f2609a611,조예진,Female,27,1989-10-27,부산 강동구 4길 46
0d706095-59d8-48bc-b48f-bd53edb1e882,박예진,Female,34,1998-12-7,대구 서구 42길 16
88e57bb0-44d6-4e5c-a7e7-7d72aa04b091,박지현,Male,16,1965-6-20,대전 강북구 76로 30
f5c9051a-0b44-4155-8363-adccb3cda44c,최지현,Female,29,2005-2-24,서울 북구 54길 1
a2d0f332-18fd-4340-8b8a-5c1812e0eb2d,박하은,Female,12,1982-7-14,대구 중구 52길 91
b5eeb45d-fc87-4f29-b683-fb9d18c091d3,조준영,Male,10,1996-10-9,대구 강동구 85길 73
941af84f-f259-410c-aa7e-c193b28115d8,이하은,Female,11,1997-11-5,울산 중구 19길 60
69e1d0bf-e2c1-45a1-917d-9c04f614b13d,조은지,Male,59,1966-6-1,서울 동구 35길 71
aaf8628c-cf70-409e-addd-52d5cf827589,박지훈,Male,22,1994-1-14,대구 강서구 74길 53
09949f64-c938-45a4-be68-84d25e7a055f,김은지,Female,33,1987-1-24,부산 북구 80로 47
5e0acacd-0858-4aab-a19c-facb03d134f5,조지훈,Male,35,1997-4-21,대구 북구 72길 96
5c05bfc5-172e-47e9-9030-857c97f88715,박예진,Male,55,1975-2-3,서울 남구 93로 30
88babed3-9b2e-4928-a241-b3137d0fc814,장준영,Male,52,1975-8-15,부산 동구 38길 38
bbeb7381-cb11-4d50-8404-001aa0582829,이하은,Female,50,1969-2-16,대전 강동구 61로 24
b5ab79b0-61ef-4da7-82bc-db9441d308c7,조은지,Female,69,1976-10-11,대구 강서구 29로 98
f3b1e4bf-501e-457a-937f-7979fc642145,박지훈,Male,61,1965-12-9,대전 중구 38로 55
10a1ca3e-95fa-4db0-afda-b94abfd43958,박예진,Male,49,1970-5-22,서울 강동구 27로 4
eae9d6da-4ffd-458a-b7b9-f236168be8e4,강은지,Female,14,1962-5-4,부산 강서구 53로 98
0150461f-3fdf-4db2-a519-001500b84c1a,장지훈,Male,54,1966-11-2,대구 강동구 23길 66
074a7741-06b7-43c2-a4d2-8b71a9125e4a,장예진,Male,70,1964-6-21,서울 강서구 72로 43
8d12d90c-a549-4ba4-91a5-1eecc3188591,김승현,Male,53,1988-3-25,울산 강서구 69로 71
1857e465-a1bb-4309-aaa8-6a1b687225da,최준영,Male,30,1971-1-14,광주 북구 24로 16
8b3d8227-ff8c-4727-9e1d-82c93a3db015,이지훈,Female,30,2002-10-20,인천 강서구 47길 49
65dce063-ba1b-435e-8f89-432cb8045ed2,강지현,Male,15,2007-10-12,대전 서구 38로 56
3b564445-d008-497a-92bd-6f0ec982c4e3,강하은,Female,53,1961-2-2,서울 강북구 46로 52
4412100d-e19f-456e-899c-132b7ada5d75,최하은,Female,49,1997-12-25,울산 북구 93길 8
237dab09-724e-49cf-b93c-6aaace352479,강승현,Male,41,1975-12-26,울산 강동구 69로 55
3d4de971-fef6-43fc-8af1-77b6741b4761,조하은,Female,44,1983-3-20,인천 중구 65길 85
2daf2962-9a50-4b96-9cf4-8cb9420cecca,강준영,Female,45,1987-9-15,부산 북구 32로 89
961edd80-0e65-4051-bd0c-134a33551c28,조지훈,Male,33,1989-1-25,광주 남구 88길 51
015b6f4a-fdc3-4af3-953d-32820cc0886b,장준영,Female,27,1982-8-20,서울 중구 36길 24
feb60d20-599b-407c-a0c7-7ff051874f3a,김준영,Male,31,1966-9-23,부산 남구 7로 44
eb3f3a5c-6e8f-4a10-8dd7-e7b84dc6238a,최하은,Male,49,1967-2-21,울산 중구 48로 58
254f04f1-5741-4584-a1f0-3fb2264714c7,이지현,Female,66,1969-2-24,부산 강북구 65로 6
5194d03b-bb9e-4e16-8334-57d96eb5a178,조예진,Male,46,1986-12-19,부산 강남구 81길 26
de4e79ee-1d7f-499a-b0f5-82d94d4e984f,조은지,Female,32,2002-4-22,대구 북구 31로 8
ec835e51-2329-426b-94d0-785b8462e957,최지현,Male,48,1999-2-13,대구 북구 32길 76
0b71b58f-6c6b-4f54-81af-907062d032db,최은지,Male,31,1961-5-17,대구 동구 54길 48
0168bd11-7f22-494d-89e2-cc8d5c499554,박지훈,Male,62,1962-5-22,대구 북구 90길 69
1e37a73f-299d-4663-bfe7-d520c0111850,강지현,Female,29,1966-8-11,광주 중구 10길 41
7ab2adda-1807-4e07-9422-a445ae250c19,강은지,Female,47,1960-8-14,대전 강동구 34로 92
aae1b37a-64e7-408b-93c4-fadc3e91fb63,강은지,Female,62,2010-6-12,부산 동구 18길 15
4cb115a5-0353-4b73-8f48-6d79a1dd6147,조승현,Male,51,1968-2-26,울산 북구 83로 89
634d8b9f-21a6-4a3a-b9d4-8be5825db4b0,장하은,Male,55,1975-7-9,대구 강북구 3길 45
c3ff5b6c-d5be-425c-a47b-267e69dee168,박은지,Male,45,2002-11-22,광주 서구 95길 34
1e2a9bab-58e8-4029-8627-d0ea36ed5dff,강하은,Male,32,1981-11-2,울산 중구 95로 95
fbb78716-e4b0-4e37-82d9-50c9852714da,강준영,Male,70,1994-6-13,대전 중구 62로 94
abcc9cb0-4f2b-4125-931c-e6c5ecc7f18c,이지현,Male,19,1998-1-13,대구 강남구 64로 87
3490fdec-393a-4b55-9d2d-607c64331457,김지현,Female,21,1987-4-12,광주 서구 8로 65
3075ae17-6b4c-4a40-b971-758867e0666e,이예진,Female,68,1978-2-10,부산 북구 71길 67
0b467a69-cefb-414c-be82-c70e1d61c839,박지현,Female,22,1974-5-15,부산 중구 28로 34
2efaf528-05ec-4996-8914-d9d329978031,김지현,Female,43,1960-12-3,대전 서구 69로 53
355bd545-05a3-4c7f-8c9e-fa7698f99edb,강지훈,Male,10,1995-12-20,울산 남구 59길 61
67a4c657-c6b0-4487-9a81-4304711e781d,최예진,Male,64,1994-9-1,대전 강동구 51로 19
d905ff9c-8169-4ca1-b418-16f70379210d,이하은,Male,28,1981-4-14,인천 강남구 53로 12
f90b7845-99a0-4495-84da-42bbf0b84cc4,최준영,Male,34,2010-11-22,울산 강남구 81길 48
9d3e3d86-2fd5-44bb-9b77-e01d66910261,조지현,Male,18,1993-9-26,대구 강남구 95로 97
22503de0-dd9a-44cb-9997-bf412c533aed,김예진,Female,12,1994-11-16,인천 강동구 53로 9
08e07ae4-b356-40f2-90c8-5d0f6e74b336,강하은,Female,56,2007-5-11,울산 남구 62길 86
9b228778-c518-4870-a298-cfc7b340e6c9,강예진,Female,43,1993-1-20,인천 강북구 63길 80
c546ad0a-933b-4a8f-9525-6a2bb712ba50,박예진,Male,22,1980-10-3,서울 강남구 73길 36
84a9b8a7-bae9-472d-b52f-a8a02c8280c7,최은지,Female,66,1963-4-1,인천 동구 66로 11
dcceb20e-07ed-4002-ae90-3f70f7815766,박승현,Male,28,1982-8-19,광주 강서구 9길 21
dfc337f0-93e1-4f34-9861-ded598193915,강승현,Female,16,1972-11-6,서울 강동구 87길 28
9322fd83-7a52-4932-a8a6-3aa09b6784f3,박하은,Male,43,1995-3-2,인천 강서구 85길 83
10ddae7e-1cc6-4b1e-a755-039a40911c45,김지훈,Male,29,1977-12-20,대전 북구 47길 41
43b8b2a9-8d15-4470-8484-722ebac2523a,김예진,Male,23,1961-4-6,울산 강북구 20길 1
66e89513-73a0-4e97-8c23-dbac8161311b,강승현,Male,49,1971-2-24,울산 북구 14길 69
1778a9bf-1989-471f-9f31-99bae772eb96,김은지,Male,48,1960-4-26,대구 강남구 67길 63
f151b7a5-eaca-4c9e-b92b-911ef8a70f44,최지현,Male,33,1964-9-8,대구 동구 87길 86
26f2a941-426f-40a2-aa00-d044558a7ad3,최예진,Male,38,1977-12-15,부산 북구 45로 57
5fd2bf2a-f2cb-40e5-9f50-29f7502222aa,이예진,Male,61,2000-7-23,광주 강동구 72로 56
9d61ba9a-a9df-4e5d-8fca-17a4af7ec927,조준영,Female,69,1961-11-11,부산 북구 22로 6
46211187-4e3f-4d7c-a18b-9b239290110f,박지현,Male,11,1987-4-11,대구 강동구 10길 84
32905834-41ad-47be-b4f0-9a1ab7e12eff,박승현,Female,15,1974-11-14,인천 강동구 17길 54
2ba8de5a-8884-4e2c-b57b-13032857adac,강지훈,Female,64,2004-7-10,서울 서구 58로 56
dd40a9fc-844d-442f-96bd-ca3766842869,최하은,Male,68,1975-10-4,대전 동구 54길 72
6f8fb06b-e57b-4bd1-9574-6cb599c84efc,강예진,Female,37,1973-11-18,대전 남구 41로 8
a64b0c05-0f68-43be-a026-0143419de592,박지훈,Male,59,1963-11-24,서울 강남구 78길 54
cf015384-2e05-4735-a3d7-55986395682b,최예진,Female,14,1961-1-9,서울 남구 5길 53
c14309b4-2ee8-475d-83c9-35e040de5655,이하은,Female,46,1970-4-6,광주 강서구 77로 75
d6987b96-d653-4491-99b3-68de77c6d6df,김준영,Male,41,1999-1-12,인천 남구 36길 63
23c0a9e7-c5d1-4388-af2d-44f4cf8e9d80,김예진,Male,55,1980-7-23,광주 남구 32길 76
c49d5ff2-9be7-4dbd-9bee-fb006388a1f8,강지현,Male,58,1988-5-15,대전 북구 5로 25
5888dc19-6d80-48a6-8eb1-a5f273770c36,조하은,Female,31,1987-10-25,울산 강동구 93길 77
b73ce73c-faa3-4423-b4a1-d33193a6d497,김준영,Male,17,1985-4-2,인천 강남구 46길 37
ac0d465d-7bb9-44e9-b389-ff2ea88080f4,장지현,Male,11,1990-1-5,인천 서구 46길 17
db280002-0083-40aa-9b86-6175d748150f,장승현,Male,59,1969-1-27,대전 남구 22길 49
a70d2109-8b58-41d1-b43e-0c9689eddb4a,이지훈,Male,63,1964-10-11,대구 동구 82로 66
9198d2c6-f5ba-423d-bcc7-2ff4f83b5804,조지현,Female,25,1980-8-20,인천 서구 29로 73
2b4dcd02-59f6-46a8-a6f4-d7adc7917ff4,장준영,Female,14,1967-12-28,광주 강북구 69로 31
4a56f3c2-b414-4da0-bdb3-3dbd4c50ce61,최승현,Male,35,1999-5-8,인천 북구 100로 4
f55c9e0d-f462-4fca-90b0-0456cfc1dbe4,장예진,Female,24,2004-12-8,부산 북구 36로 76
36b37191-c913-4eb2-a1cc-ee52fb512c49,장지현,Female,43,2007-4-20,부산 동구 10길 45
cd40585b-2d7b-4dfb-b9b2-58f219e5b4a9,강예진,Female,22,1982-9-23,인천 북구 24로 94
a4d2b396-6841-4cb3-abfa-36eadb06144c,김은지,Male,18,1999-6-11,광주 강서구 80로 27
82de6e57-e39d-4ef5-a77f-1df6714c651b,박지훈,Male,65,2000-12-22,대전 중구 19길 60
1d949eb3-a321-4f7f-9784-e5202994a5ba,이승현,Male,41,2007-4-16,울산 중구 75길 9
dd5713f7-40fb-4fc1-994c-bef90f3abe98,박준영,Male,12,1988-11-26,울산 중구 87길 98
a61c6c9f-81aa-4927-b7c3-5951ff43bb71,최지현,Male,45,1991-1-27,대구 강동구 37길 61
4df493c9-3a22-4f97-8400-693b4fcfde0f,박지현,Male,34,1969-6-1,대전 남구 78길 90
49123659-9043-4257-97f0-798537003fe9,김지훈,Female,53,1980-11-15,서울 북구 73길 14
c86da68d-fdbb-4b76-944d-af12129a038b,조지현,Female,61,1964-1-19,대구 강동구 6길 54
a1b95f72-dbfe-4b1d-86cd-0cc46288476d,장준영,Male,32,1977-3-17,대구 강서구 56로 89
48bf20d5-45fb-4f7c-8c6b-18c4e74b2e23,강승현,Female,18,1965-4-25,광주 중구 46길 14
1f699e30-3c7a-453e-a197-1080630086a9,조준영,Female,57,1992-8-25,울산 북구 68로 16
a7f55b13-37fe-4bbd-bdcf-e966ddc00ae2,조은지,Male,26,1962-5-20,서울 중구 65길 76
545d63c8-e13d-4d46-939b-1ad19df4492e,장은지,Male,16,1965-8-8,광주 남구 3로 50
f0e5ac34-d475-4d69-8e10-78d01bd1848c,최하은,Female,40,2006-6-27,울산 서구 11길 80
58e2e179-98bd-4741-89f5-89db12e9c11b,박은지,Female,65,1984-11-12,광주 북구 91길 51
f7262194-0114-45f0-8985-d80732862b43,박지훈,Female,46,1983-1-22,광주 강동구 77길 29
299d3f9d-5d5a-4c99-9565-446fc2c483da,박지현,Female,42,1960-7-2,인천 강남구 62로 72
765195f3-63a5-46c7-88d2-896bb043ca7c,이지현,Male,41,1969-7-16,부산 강남구 75길 57
4546f132-f57e-458a-9174-de2c3456cfb9,강지현,Male,15,2009-1-16,대구 강남구 61로 44
9839b8f6-c005-4730-ae26-8d3104a7046a,이준영,Female,13,1967-12-12,광주 강북구 57길 31
53787eb9-f240-464f-8769-2b249b5c1227,장은지,Male,19,1998-12-10,대구 북구 81로 66
9a2d0fa4-1ff3-4702-bfed-4a119dd9cbdc,조예진,Female,63,2006-10-27,서울 강동구 35로 35
c342c46c-fb98-4b96-8abc-ae7c5910f7e3,최승현,Male,44,2007-8-20,서울 중구 91길 50
952d3aa5-b42c-4514-afc1-86a3c4b0521f,박예진,Female,28,2003-2-20,서울 강동구 17로 17
d08d5313-5275-4db5-a060-b70ada7f8ec7,김하은,Female,38,2007-11-10,울산 강남구 9로 77
7c1d9d51-c14c-4352-beeb-618daca22fb8,김하은,Male,63,1996-8-22,인천 동구 72길 79
4bec1c57-4694-4526-ad1e-e36963ecfa7f,장은지,Male,40,2008-10-26,서울 강북구 86길 9
443b38a7-f0d4-42c4-832d-339d74e82cd1,김준영,Female,46,1974-1-7,대전 동구 91로 32
d6a7b7bf-97c1-466c-b8ed-da771d58657d,강예진,Female,20,1995-9-4,인천 중구 67로 88
26b1d8d0-8e02-4d74-bc24-a6b43d25ce0a,강은지,Male,39,2010-5-4,대전 남구 21길 9
a3ba33db-cc70-4cdb-a146-ebc82cb8e04e,김예진,Male,67,1973-6-4,서울 중구 38로 95
a3275603-9beb-4531-95cc-77d98b52e861,최하은,Male,39,1970-2-5,대전 남구 35길 63
ec6d9891-0afc-42e4-b574-2c336816adbc,조지훈,Male,57,1991-1-3,부산 동구 14길 59
0ef3b14c-eeee-43fc-a64f-e717387dd085,조하은,Male,59,2006-3-18,대전 강서구 65길 11
048248ec-0fad-4f17-b96c-15a14bc1b958,강하은,Male,22,2003-8-8,광주 강남구 75길 12
7ab3a3bc-2981-456c-aa29-1b3fd25022bc,박지현,Male,20,1973-11-15,대구 강남구 24로 59
5eb8892a-86f9-435e-8f12-f02ddf978126,강은지,Female,26,2008-7-22,대전 북구 72길 8
ffd2310d-70a0-49a1-9d91-549cef436b65,장지훈,Male,32,1979-8-3,인천 강동구 4길 53
9df5372a-a34c-4103-a371-a68fcc7c21dd,박준영,Female,70,1964-8-18,광주 남구 55로 53
ecfc29bc-5131-4e15-9d2f-18e97523e636,조지훈,Male,22,1971-6-11,대전 북구 100로 99
692c233b-a216-4c4e-9435-a3797a8e1203,박준영,Female,12,1966-5-4,인천 동구 54길 90
016171aa-ba2c-44b6-8664-6396ec68ecf8,박지훈,Female,63,2006-11-13,대구 강남구 3길 95
81efe732-a540-44b4-98f7-1c499df1c2a5,조승현,Female,57,1987-10-15,인천 강서구 48길 72
c29055f0-a785-4470-a973-930e9932b037,박승현,Male,13,1968-6-24,부산 중구 94로 46
6a1d0d5c-0b3b-4762-9e2d-28aaa70efed1,조승현,Female,58,1990-12-10,인천 강서구 74로 16
c039d3b5-52c6-49e1-87ac-5e4fae23f79d,김승현,Male,68,1999-6-25,서울 중구 73길 83
6c9df794-72f1-4109-9c6e-0cd866735877,김지훈,Female,27,1964-4-20,서울 강동구 71길 64
44202b47-4fa4-4d49-b266-5d395fc08b47,김승현,Female,39,1966-9-20,울산 동구 39길 32
39ac5130-35b3-4142-aa6a-6d5c5a760086,조승현,Male,67,1979-8-11,대구 서구 72길 49
2d28e412-782f-4133-a0d9-b962060584ec,김은지,Male,65,1985-9-13,대구 남구 39길 42
cca54b43-b7dd-4109-870b-ec13729f6c9f,강하은,Male,14,1963-7-17,서울 강동구 8로 65
5f816c3e-a492-4ea6-87f0-d8679d74598b,김하은,Female,60,1974-8-4,서울 강북구 64로 92
99319881-5e65-4970-b06a-6bbdad6405d8,최지현,Male,29,1960-10-25,대구 남구 58길 47
89e9c1d6-6406-4e38-89d3-35eb381da94d,김승현,Male,27,2005-10-10,대구 서구 41로 34
f273f53c-6a58-4232-96bc-3b8ea01bd9ce,이하은,Male,70,1969-5-6,대구 강동구 70로 14
415c7de4-b171-4e35-8b44-dfca15b1d1b8,장지훈,Female,41,1985-2-3,부산 강서구 35길 17
5929399d-9301-484e-a542-df87027c8f61,장준영,Male,42,1987-11-27,대전 강서구 48로 6
89a55cb2-72ca-4138-a398-e01497bd4639,조준영,Female,15,1967-8-6,인천 서구 14로 4
7dc7640a-7dfc-4a22-8de2-31e14f0ebc09,이지훈,Female,39,1990-2-15,인천 중구 34로 6
a8fecdf1-d643-4860-83eb-dbacc7b3fb07,강준영,Male,30,1973-2-7,대전 강동구 39길 15
05a177e9-50f2-4c0f-9879-100b602265b6,최준영,Female,22,1985-5-27,울산 강남구 13길 25
b06a91cf-42da-4f95-bdac-c86a4efbb86f,강예진,Female,16,1962-2-8,울산 서구 49길 3
59de8e37-527a-4769-b36f-1cd1b1a13bff,김지훈,Male,13,1995-3-28,대구 강동구 6길 40
e56c7321-a25d-4634-a3f8-88734ec2b2e4,최예진,Female,27,1967-1-23,대구 서구 9길 68
581466c5-e9c2-454d-b253-590ac64b0bfd,장준영,Female,49,1988-10-6,광주 북구 88로 89
78369a37-3c00-421b-9c6c-719725554fab,조지현,Male,37,1992-8-14,서울 강북구 80로 79
9b7cf5ab-eea0-4ede-a8d3-988a5faa480a,이예진,Female,64,2000-9-25,대구 강동구 22로 74
b2f0a2f5-3d99-4454-9375-38a8becade74,김예진,Female,14,1961-1-15,인천 서구 3로 39
ffc7e065-799b-4920-9922-e208f6b54841,장예진,Female,62,2005-9-9,대구 북구 66로 73
0cad32f2-a916-463c-b9ad-d81a730bf014,이지훈,Male,11,1998-2-9,울산 강남구 50로 59
d6b163fb-c88b-4ddc-958c-b2601e2ffd95,박지현,Male,10,1989-9-6,부산 서구 32길 26
bc03c255-997c-43bd-a759-61f8f106eb8c,박예진,Female,52,1968-8-7,대구 강동구 84길 89
14b83437-29d2-4e73-8e3d-3630b72553cf,최준영,Male,28,1996-8-8,광주 중구 60길 42
9d9dbba1-55d6-406e-86a4-78e4954b2824,강은지,Male,68,1976-7-16,대전 북구 6로 80
8af493f5-f10c-4861-ab2c-56ff077010b9,김지훈,Male,51,2009-3-12,대전 남구 13로 1
5f36f3d8-d298-4fb9-aa8e-f2b528f12d78,장준영,Female,65,1989-7-14,인천 중구 41길 79
d7fc7c5a-95cd-495b-9a0e-efbb35ea7fbd,이은지,Female,23,1989-8-26,대구 남구 83로 6
87978671-c7d6-4233-a519-c35dd141e85f,최하은,Male,66,1978-5-19,인천 강서구 63로 81
0658c66f-ee5e-4a34-bd34-99ffe8ee1472,최예진,Female,17,1963-12-26,부산 중구 59로 36
bcc493bd-4c0c-4f83-9be1-276b765cde15,박지현,Female,44,1987-2-11,서울 남구 40로 53
56de4df2-1844-4482-9f32-c574cbd59b1e,최은지,Male,18,1962-1-14,인천 강서구 29길 65
1664fe83-6213-45b2-837c-4fe6a5b296dd,최은지,Male,55,2003-7-19,울산 강북구 83길 29
fc52c69c-3131-4e61-9ff4-bd6f155b1913,김지현,Male,43,2006-5-7,광주 서구 73로 68
1f4e7761-acf1-4060-ad8c-53596213aa30,이지현,Female,29,1992-9-23,광주 강서구 80로 35
5273cc26-a0ec-41cb-8f59-7964eacfe04b,강준영,Female,24,2001-1-6,서울 동구 13로 13
4b0f19c6-00af-47f2-ae69-347293511a6b,조예진,Female,55,1969-8-24,부산 강서구 14로 45
a185f08a-7272-4397-8ff2-dc4c3d0bd36e,이은지,Female,12,1973-2-7,대전 강남구 24로 54
8396d279-ee4a-4db1-add9-ea4464d703c8,김지현,Female,27,1976-8-10,서울 서구 50로 96
180851ce-f968-4e2c-a5da-952f3c26cac3,최지훈,Male,35,1971-4-2,서울 강북구 96길 94
da4a31c1-00ff-4122-ad65-0b192e22e7da,김승현,Female,46,1980-4-13,부산 동구 86길 62
73e1cd22-b0ba-43fd-b047-143cca164539,김예진,Female,67,1997-5-19,인천 남구 54길 5
2cc64d8c-aee1-41b6-8a67-efbf112f7de2,박준영,Female,13,1971-10-6,울산 중구 96로 87
e617e6b5-8549-46fe-abf0-7885e833b3d7,김준영,Female,66,1997-11-22,대전 동구 9길 90
3fe45205-7e78-4b2a-a327-3bcfe848fe82,조예진,Male,39,2008-5-13,광주 남구 71길 62
8b89b248-c9ed-4b40-abf6-276c48ca423a,장지훈,Male,68,1988-4-20,광주 강서구 90길 53
0e56b794-7144-4e07-af84-bcedfdb17c99,조지현,Female,16,1988-9-7,서울 북구 46로 86
b8a77f18-32a7-4286-b67a-522169711981,강준영,Female,15,1987-8-11,울산 중구 74로 70
091b478e-3da6-4281-b084-d29834ba7b29,이승현,Male,70,1960-11-14,대구 북구 75길 33
7339f4cf-72f2-48c3-80d7-426cb65768bf,강예진,Male,17,2003-1-8,서울 강남구 18길 71
b7edf7dd-856c-4e5d-8a30-5b930243ca58,최승현,Male,62,2009-5-5,대전 강서구 34길 74
deef5039-2642-46aa-a8fa-3f14b7359012,조승현,Female,39,1961-1-3,서울 강북구 42로 30
3e4ce5e0-596b-4248-b26c-56718adf8506,이은지,Male,39,1991-2-7,서울 강서구 29로 98
6534559a-d0c4-47d6-8bc0-3da0c44ab723,이지훈,Female,35,1970-2-22,부산 강동구 86길 65
c74f417e-10ab-4b9d-8715-2e2c24a89d0c,장예진,Male,66,1999-7-7,대구 강동구 25길 63
78e76cfb-d85e-49bf-9f9d-155289787a15,장준영,Female,46,1974-9-2,대구 강서구 83길 16
be5ad025-a8bd-4715-abbc-8159c9f95dc7,최지훈,Female,40,1963-8-4,대구 강북구 24로 39
1536e65f-8662-4e0a-b379-a9e9c673403e,김지훈,Male,42,1988-10-18,부산 강동구 23로 40
205e060c-60df-4407-8788-24efe389c603,조하은,Male,31,2010-7-10,인천 동구 11로 16
dd36024f-46b9-4b38-9513-cdc78d5ddd63,이지훈,Male,36,1976-1-2,대전 강북구 62길 12
e240825b-78df-429e-9627-41e284421016,김지훈,Female,48,1998-8-12,대구 강남구 29길 2
85a9ad3d-b1e1-4654-a709-81527ee029e8,조하은,Male,29,1988-11-17,인천 중구 86길 8
28df5b62-a72d-4593-baf0-e403dd3cc6d1,최지훈,Male,17,1987-4-20,울산 강서구 7로 100
e6b6f59c-e7b9-494f-88a3-9c1eb3dc13ea,강준영,Male,10,1984-12-22,울산 강북구 22길 90
115c138a-f671-485d-8a93-872eb30b8e56,최예진,Female,54,1999-2-4,서울 강북구 95로 66
09487909-73b7-4ae7-b938-f71a3d3fe04d,강지현,Male,53,2007-4-28,울산 강서구 16길 59
029fc0cc-c14c-456d-bf55-6c3701be1659,장지현,Male,29,2006-7-14,서울 중구 37길 6
ef34021b-c5c4-4a2b-abcb-34bffbdf34f6,최은지,Male,37,2006-3-4,부산 북구 73로 72
8a0b6fa3-8329-44db-8e51-eb8071a19996,이승현,Male,29,1965-7-18,대전 북구 76길 67
b72460ba-f8b4-4be5-ab3f-0dd1c6220ae2,이지훈,Male,16,1972-9-9,대전 동구 77길 58
abf4a627-538b-4e5a-baa4-71417678440f,김지훈,Female,37,1974-8-27,인천 강북구 58길 55
d5959dbf-029f-4c12-a5bd-5b02f1e32219,박하은,Male,24,1971-7-3,광주 서구 66로 28
c2b74c54-63d7-4fca-b7de-1ae35ea17b4c,최은지,Female,44,1961-5-14,부산 강서구 30길 18
e52f8ea8-103f-4ded-b261-716ad6948c57,김예진,Female,31,1994-6-8,대전 서구 70길 92
4dc71394-92f0-40db-a5dd-bd21e1969818,최승현,Female,49,2009-6-27,광주 강남구 100길 99
beee91d0-626d-4cc3-9c1c-619d2e76e845,박하은,Male,38,2006-6-24,인천 강북구 90길 91
8ed21ede-b890-4cc4-bd96-8ec290e70f7b,최승현,Male,51,1975-11-23,인천 동구 32로 74
520d41db-9012-4e06-9de8-ab76f22dadac,최은지,Male,33,2003-4-21,대전 강동구 32로 46
b61810e2-390f-4d0d-92c4-d37a4eb826b0,조은지,Female,37,2000-8-25,서울 강동구 25로 66
c1c390bf-8793-435b-84a7-a1cc60435cbf,강은지,Female,31,2004-3-21,인천 중구 46로 42
fc15a422-1491-4368-8eaa-ffc245212e96,최승현,Female,12,1976-8-19,대전 서구 49길 18
3c9e2ad3-44cb-45ec-b1c3-a3b34670ac19,박지훈,Male,65,1987-8-19,인천 남구 41길 1
a091c073-2d94-4135-9e52-6e466b28c1d1,조준영,Female,49,1960-12-8,광주 강서구 8로 49
49e066d0-a6be-43dc-aded-3969a375c29e,김예진,Female,37,1965-1-22,서울 중구 97로 49
220ad5b4-4e2f-4b54-9759-bba68481362e,강은지,Female,38,1961-11-14,부산 강동구 72로 46
e049fa7f-b60c-47c6-99ef-dfa699ac7f37,박지훈,Male,12,1992-11-7,울산 강서구 91길 83
0d59eee8-155d-480a-86a6-a0a61c7dd480,장승현,Male,47,1978-9-19,광주 중구 28로 42
f0e9c8d7-4400-4576-b6cd-f82acfc66e9a,김지현,Female,23,1994-3-3,울산 북구 82길 37
80424bf9-38f4-4ec7-a04e-4a399c2215b9,조하은,Female,33,1960-3-20,울산 동구 75로 70
e6b64ea1-4cae-43c3-919e-8e023c9a161c,장지현,Female,36,2005-12-27,부산 강남구 86로 3
ebd8147e-f6d4-4d4f-9a34-ac7afa0de02c,강예진,Male,63,1990-5-2,대전 강남구 22로 63
f38143bf-55af-40ac-9d6e-3724f3657192,최준영,Male,14,2007-2-25,울산 강남구 21길 73
a216bac9-84f2-46bc-8e1a-616bbfd4a55b,장준영,Male,36,2008-8-1,울산 강남구 99길 97
e69f8f1b-00c5-4faf-b5db-c9371adaaeb1,김준영,Male,47,1962-5-5,부산 강서구 84길 83
2173ae60-ae5c-4093-a4f4-a6ad82c92801,박하은,Female,21,2008-11-25,광주 동구 4길 42
af24aee9-c033-46ab-9672-d1154dd27bdd,이지훈,Female,34,2007-7-14,울산 강동구 71로 7
c28e0d2b-a77a-43d1-8652-9825103dd9e8,장준영,Female,15,1995-10-7,대구 중구 38로 9
ac391a70-ee36-4f1b-8c67-c3bf9c04260e,강지훈,Female,52,2002-1-2,울산 강서구 46길 19
0cdad85f-c1f3-4ddc-97aa-4cfdb0425169,김승현,Female,49,1984-1-28,서울 남구 61로 87
083faaf2-3e4f-4e2f-b018-b50504414d84,조은지,Female,19,2009-12-9,광주 강북구 80길 11
36f36444-3e38-4d68-b02f-93c9c8172993,최지훈,Male,28,1984-7-18,대구 강서구 58길 42
74f9de6d-91d3-48fe-a08a-18e740f44252,최은지,Female,22,1974-3-23,서울 강서구 37길 13
4678111c-f7b2-4687-be1b-ee1c92e0dd53,강하은,Male,63,1966-7-23,대구 강동구 64길 12
264cd497-5ea2-4c5e-aa45-41d629edf574,조준영,Male,12,1969-1-25,대전 동구 5로 6
f8c69f26-3897-4a77-8177-610621602ed1,장준영,Male,35,2009-12-4,인천 강동구 35길 74
8d51a69b-b5f1-40e3-a4c3-58b685359233,장지현,Female,69,1988-12-17,대구 중구 61길 58
8984820c-2447-44c3-bb81-ca9d1947291f,김은지,Female,44,2005-2-27,서울 동구 66길 49
dbac622b-434e-4e0a-b7cb-be55d7df9cfe,장지현,Female,15,1970-1-21,대구 동구 14길 51
4d39d970-8e54-4f83-ba30-bbc340a474ab,조지현,Female,27,2007-5-15,울산 북구 80로 41
ffff60c3-afb0-4596-a46b-97f244e15919,박승현,Female,37,1985-4-5,광주 북구 85로 84
bad01684-0588-4e3b-86cc-f487ab0e02cd,최지현,Female,67,1979-4-2,대구 강서구 93로 46
06b5623b-4304-4c9f-aa87-98697d01db46,김예진,Male,26,1989-8-27,대구 서구 88길 66
8770edd5-4b88-43d4-800e-52870c9c6d19,이하은,Male,40,1962-10-10,서울 강서구 14길 39
fad96a58-303f-4320-ac66-8171e65b403e,조하은,Female,51,1965-2-1,대전 강남구 76길 77
10941db0-44e6-4718-a0b3-8fae48636565,조예진,Male,39,1999-3-28,대전 중구 60길 23
277fb6e8-25a0-450a-9772-f89f2cd1593e,장은지,Male,35,1970-1-4,대전 강서구 35로 55
bf2afef4-d589-4a5d-88fd-05d0a795c90d,박지현,Female,20,1980-6-14,울산 서구 13로 10
89e0b2a2-0c84-4d99-a772-d78caef3a92c,장지훈,Female,35,1989-12-12,울산 강동구 58길 80
3bb9967b-1909-4dba-aba1-159cd3b9c653,이승현,Male,29,1963-7-11,울산 강서구 67길 83
1ee2f3cd-ba60-4a95-ba2b-32fb7e571ba3,최하은,Female,54,1975-12-3,광주 동구 32길 20
a532970c-fb51-4e8d-af93-b12cc2e6e840,김승현,Male,50,1968-10-14,인천 서구 85로 87
a4354726-3b30-4ec9-aa05-a7676d09b408,이예진,Male,35,1972-6-16,대구 중구 63길 93
3d7b77b5-2b7f-4457-97ed-589d3ccdbb08,강지현,Male,41,2001-7-9,서울 중구 4길 46
df53ca2c-1935-4fd3-99e6-5ef5a7eddab7,최승현,Male,11,2000-2-9,대전 강동구 27로 69
8614c6bd-1be4-43cf-9dff-d0d4d59c1993,조지현,Male,48,1965-10-1,광주 강남구 62길 9
7ae218b1-c9b6-4754-8562-1dd60ab04ded,박은지,Female,23,2001-10-23,인천 강서구 69로 53
e07808f6-33b5-45f0-add5-5fadd963b131,장예진,Male,52,1971-1-22,대전 동구 53길 42
775afbfb-833f-40ee-8cae-a0992763bd2f,김지현,Female,48,1978-2-25,부산 강서구 37길 90
2559b52c-3fe4-4960-981b-133afcb178e0,강승현,Male,69,1998-4-25,부산 강서구 33로 39
1796483b-e890-425e-857c-9ce69f3cc1b3,강하은,Female,55,2002-10-28,울산 서구 44로 94
0df0d0ee-ef75-4d38-8cde-5911585c5bc8,장지훈,Female,58,1965-1-11,대전 남구 70길 67
846a33b5-43ee-4f44-9754-b10d4d4bb969,최하은,Male,18,2006-2-16,울산 동구 93로 96
d92c751b-ec26-4abb-84fe-87a07e63df49,조하은,Female,20,1995-1-18,대전 강남구 27길 9
02ca750a-87f6-4533-b7e5-3e218327c5aa,김승현,Male,24,1998-7-16,서울 남구 40길 60
9a6a41fa-c487-405d-ae27-58abf8ab7a5a,이준영,Male,40,1963-10-22,부산 강서구 100길 74
aa0f7c95-0372-4194-960e-4fba1e303947,이준영,Female,70,1977-2-12,대구 강서구 7로 92
cb393cbe-42af-4eeb-909d-94b90e958981,박지훈,Female,68,1985-12-9,부산 남구 52길 9
a29ee057-eba4-4ec3-bf45-1c603dd1bc13,장승현,Male,20,1977-2-4,대전 동구 42로 22
ab0c95b5-fefe-4a5e-a74e-86254a4b26e1,강은지,Male,58,1961-12-26,광주 강동구 42로 54
a3099483-ae7a-4bdb-9d8b-60ce42053c7d,이예진,Male,41,2000-5-13,대전 강서구 14로 1
2e9e5750-9082-4cdd-9775-5db78a868724,조지훈,Female,40,1985-7-2,대전 강동구 99길 59
19e3e626-053f-4180-8d26-a653ce7c1526,김은지,Male,18,1966-12-1,부산 서구 2길 50
0434fb98-8369-4a50-b1c3-d487bcfd6c53,조지훈,Male,14,1987-7-25,인천 중구 87로 74
fb019487-177f-416f-8521-522ba9ee6d7f,박준영,Female,30,1997-3-9,울산 북구 22로 58
c782d5ac-d133-4c96-83cd-80eb96a595e9,조예진,Female,20,2003-6-3,서울 강남구 6길 16
0f68b8e2-a5d2-4f4b-b348-3a0f33c82d3e,장준영,Male,47,1988-7-4,대구 강동구 99로 82
daf3b5d2-057e-4415-90f1-0b24fb26db17,김승현,Male,15,1994-2-8,대구 강남구 50길 76
b8348ccc-3834-4ea1-8d55-2b3b04fc0e3b,장지현,Male,14,1981-4-6,광주 북구 19길 13
cb7c3ac0-c83f-4858-821b-e76c8b6dd6e8,최지훈,Female,64,1974-7-27,서울 동구 18길 90
db99c65e-e58c-4e4d-98a4-fc87b2463706,강하은,Female,15,2008-10-7,부산 동구 51로 13
323df19b-d6fc-4f58-8aea-4253b196139f,박은지,Female,26,1984-3-5,광주 북구 25로 24
e8c483f4-9090-4225-b666-5248adc89395,이승현,Male,20,1980-8-28,대구 강북구 85로 59
bb74ba05-5118-4ac5-ad51-9860751b2f87,최승현,Male,49,1971-1-15,인천 강서구 41길 45
caa661c7-11c9-4719-bbfa-d6412316467e,박승현,Male,46,1976-12-15,광주 중구 6로 6
e2ee9217-289f-4cd5-8818-e26862df618f,박승현,Male,13,1965-4-27,대전 강북구 100길 7
eddc4bb3-51df-4a09-a046-c26924e773e2,이준영,Female,23,2010-11-13,인천 강남구 14길 18
4f7e3a97-b19f-449b-bfae-02fb87ae834a,장승현,Female,18,1991-4-7,광주 동구 79길 37
95213bd0-f6b6-45e9-bfad-af9953d4482c,김하은,Female,36,1964-6-20,울산 강남구 94길 55
d70a3ac0-567c-409d-99a3-1572de8b4da3,이준영,Male,37,2003-9-21,광주 북구 16길 43
005bc313-2f85-4f7c-9d70-9aacfd7632d8,조하은,Male,44,1977-2-3,대전 동구 87길 47
f69683b2-c47a-443d-b908-c1fc1fbf5089,김준영,Female,13,2001-7-1,대구 강서구 30로 83
0af393b7-b6fa-474b-b0a5-9fb9a9909a7a,장승현,Male,64,1977-10-7,서울 강동구 85로 80
d3e51a23-9bb7-4b86-8758-7b397f822310,최예진,Female,16,1971-4-12,대구 강북구 10로 27
58198f29-b26f-4424-b637-bfe99c74779f,장지훈,Female,65,2002-2-1,인천 북구 54길 26
80e705e5-d7b3-4aea-91c4-e7f5837e8d59,박은지,Male,38,1965-5-9,인천 동구 93길 9
1bb04210-32f6-4ae1-ac63-84f52dc2c4bc,이지훈,Female,18,1993-8-15,울산 북구 79로 47
1c81a18a-0898-47eb-a576-cc51fe2ed819,조하은,Female,21,1997-12-18,대전 남구 8로 64
a5a86d8e-1424-42ec-955c-9c7a134806d7,최지훈,Female,10,1996-6-4,광주 중구 86로 65
b9abb410-6e49-4cd8-81f5-ebff9baaf616,이지훈,Female,25,1980-4-2,인천 동구 93길 80
fa552171-291d-4061-99ca-17004f4a9b18,조예진,Male,42,2007-4-10,부산 강남구 78로 10
4dafbb25-0f93-4a36-bb7a-f8949a068e8e,박은지,Female,12,1976-7-7,울산 중구 45길 35
12c7147a-5b70-4e62-90be-54b93c9cd340,이준영,Male,51,2004-5-2,부산 강동구 51로 22
ba8a9e2f-b85d-4ab0-8a1b-099629cf0fca,장지현,Male,30,1978-2-14,대구 강동구 53길 37
348d389d-31d7-40d6-b5dd-c27e3ced18e1,장지현,Male,11,1961-10-10,서울 강남구 33길 31
cbb0f254-c8f1-4cc0-ae3f-53dbaf5170df,최하은,Male,32,1999-2-1,서울 강남구 26길 11
f6481b29-476c-4e74-84f5-a0b737c59ee6,조승현,Male,14,1968-4-3,광주 중구 27로 36
e0ce2f62-7077-413c-9b9b-e12eb7b28579,박하은,Male,11,1967-3-28,대구 강북구 21로 5
0b6a13e5-62c0-40c7-8aad-d05f6983a98e,장예진,Male,11,2004-11-1,인천 강북구 70로 74
fe6622f4-cbd3-4e00-855e-063bc8faeb82,강지훈,Male,61,1993-5-10,울산 중구 11길 44
8bfbe6a7-4fbb-4681-811c-466afdd138d9,김은지,Female,18,1984-12-25,인천 남구 21길 36
4c8c3818-10e1-4375-9988-9e0a55e28056,이승현,Male,19,1976-12-21,대전 남구 100로 12
0679fbd5-9992-4573-9728-11d3d4a42a4f,강준영,Male,43,1969-10-14,광주 강동구 86길 44
3ae159f3-c7de-424d-bac8-9317d77330f8,김승현,Male,39,1983-6-12,광주 중구 3로 64
c8db0252-f939-4e1b-925a-a90e7da87b7a,김예진,Male,10,1996-12-25,광주 강북구 93로 8
da23ce77-0981-4e9d-bb02-d5a42963376f,장은지,Male,61,1998-7-24,부산 중구 44로 40
c6a01cbf-63db-47ee-9b50-0299bfff2bf5,김은지,Male,59,2003-7-21,대전 강동구 48로 71
70f0d7c3-50bd-4fe7-a9c0-5d93cefc713d,김은지,Male,54,1966-9-8,울산 중구 48길 32
140e3638-e166-4b74-acb0-e8a863fa2b4c,김승현,Male,44,1982-2-16,인천 강북구 68길 36
08cd659f-b865-4bf0-a6d2-e3d28bbfc872,이예진,Male,43,2007-8-6,광주 강남구 17로 96
0271eed9-c243-4969-b460-d46d59385059,김지훈,Male,50,1985-9-1,부산 강북구 26로 49
bdd89769-534f-4333-a2e8-68607081acd9,박승현,Female,39,1995-10-18,부산 서구 3길 57
c8199bd8-6b2b-474f-b7ee-77d83096af8f,김은지,Female,52,2003-9-13,울산 강남구 99길 33
919e8080-3b40-4fab-a7c3-ea78bfabdd3f,강하은,Male,45,1993-10-1,울산 서구 90길 64
5c935a7d-5df4-4ceb-9327-e2c5310a993a,최준영,Male,19,2007-9-3,서울 중구 1길 88
fce69b3c-185b-49a5-a6a2-54b6338ece38,장준영,Male,43,1975-11-16,광주 강북구 2로 86
6fecbed1-7f1e-4131-addc-3275b5506b94,조예진,Male,58,1982-9-5,서울 북구 98로 80
53f763f6-5d67-464a-89f4-05a2ce131368,강예진,Female,11,2006-8-3,울산 동구 69로 70
4e365a45-c8bb-4e10-aa02-b2053204cb99,이은지,Female,69,1998-10-3,대구 강남구 81길 60
f0be7371-f850-48a1-988c-afae3b715f45,박승현,Male,29,1980-1-5,광주 남구 73길 13
a6a8d814-afd3-4380-9e58-9d97d899da0a,조하은,Male,42,1971-4-23,서울 남구 90길 50
66a85cbb-5396-462b-83ec-b544a7e26a5b,박지훈,Male,37,1991-7-20,부산 중구 76길 74
cb78356f-64b3-422f-a16b-7a9707c3c9aa,조지훈,Female,52,1985-4-28,광주 동구 11길 8
fef553cd-5fbf-44b6-8fe0-61aa0dade488,강지훈,Female,57,1976-7-7,인천 강서구 25로 78
551a3549-8c0e-4025-a688-2d81f00da569,박준영,Male,22,1978-9-8,대전 남구 44길 48
83881981-e68f-4be5-8669-6f7cba9e8e5b,장지현,Female,20,1998-11-15,울산 강북구 43길 57
f1bfeb3f-ae20-4da0-b3dd-22d64bfb0422,김지현,Male,35,2001-4-2,부산 남구 69길 17
911b2ce6-05c8-40ea-acf9-5daac9129040,이지현,Male,59,1995-1-16,부산 중구 1로 31
7ea6ea43-d376-45d9-aa6b-be13debab1ea,장지훈,Male,45,1975-5-20,서울 서구 62길 57
47584e7a-1173-4518-92a1-0d52465ce58a,이하은,Female,29,1967-3-13,울산 서구 2길 33
a9614235-d05d-4f5a-803d-995f29737a3a,조지훈,Male,45,1992-2-28,대구 강북구 67로 92
cf8bee52-d6b5-47a1-8dc1-e3a871ed135b,조준영,Female,13,2004-4-24,서울 강북구 23길 61
cb660ad3-5689-4979-9de0-cbd6b7dae284,이지현,Female,28,1981-1-27,대전 중구 50길 53
7e85b064-44af-4bd0-a30a-ded3c06ab4e7,강하은,Male,35,1987-5-26,광주 강북구 63길 50
583a2ade-d438-443a-aa39-12ecb66d09d2,조예진,Male,42,1989-12-8,인천 동구 51길 22
4bd1e89b-0ade-41a1-b9cf-13f0e794e00c,김지현,Male,66,1991-2-6,서울 동구 72길 71
14f98dc6-10e1-490f-ad1a-966698aac4f6,강예진,Female,26,1979-10-2,인천 강동구 29로 19
1d3ecda9-7bb9-480f-b5c2-86bb6ebc6c7d,조은지,Female,58,1976-5-8,광주 강북구 47길 88
7edd28db-5e0e-4a22-a3a4-d7bedc26b975,강지현,Male,21,1964-2-12,대구 남구 73길 83
a202da57-521e-46c5-b766-113aa9a24cb9,조하은,Male,58,1973-7-12,인천 남구 11길 12
d3397eb5-9d36-4f7a-8c04-b9426aeeb1f2,이승현,Male,62,1962-3-28,대전 동구 28로 90
da9f379e-ed27-4295-b032-125917037a15,장승현,Male,16,1982-3-9,부산 강서구 51길 9
e321ff62-5ac4-46e9-a2e9-3ce674018598,강하은,Female,49,1979-2-7,대구 북구 35로 56
47f2f187-d370-4e17-bf7e-4d8e817c5f95,김예진,Male,69,1966-5-12,부산 동구 100로 17
461860b7-f900-49c7-b1be-31aa9805a1e2,김예진,Female,24,1966-4-12,부산 강서구 56로 70
c8be9644-7dad-4f4b-bb3a-dc6263e9de76,최준영,Female,17,1988-7-18,부산 남구 51길 23
a2cb25f2-fcdb-428d-b590-e5daa7372288,장예진,Female,20,1984-7-26,서울 강남구 76길 75
14372d0d-66c0-4e06-8e55-9c7a071a2f5f,최지훈,Female,49,1989-2-11,울산 북구 66로 36
5f058a2d-c9f1-474f-9129-a4029ae6eb2a,김예진,Male,14,1989-1-18,울산 강동구 65길 63
fa86a9a0-491e-45f8-b963-ea8bda371c36,김하은,Female,54,1989-5-2,부산 강북구 9로 7
e5a14736-73e3-4069-bac8-5b3557a9c45d,김예진,Male,19,2003-11-15,대구 강동구 8로 10
6206fb9d-80ec-428b-8aca-b66f3787269a,최승현,Male,42,1972-7-17,대전 중구 25길 3
e1074b08-badd-4487-973f-29d450f0e7a5,장지훈,Male,40,1999-12-13,서울 서구 13길 3
d2b78baf-3eb9-49f2-a2e8-5f07f6541536,이준영,Male,61,2006-6-19,서울 동구 19로 98
43c375fa-f042-44a5-b9c0-43d55dae0287,최지훈,Male,18,1990-12-14,대전 강서구 29로 17
c9a58dcf-9a89-4e0b-819d-7015be81d1c1,이하은,Male,47,1970-7-11,서울 강북구 40로 42
fe2b5474-7bdc-4836-9aea-f1252ccf86a6,강지현,Male,43,2010-10-5,부산 강동구 18길 7
55645842-52b8-4c7a-be76-4af2cdbadbd8,김승현,Male,62,1973-7-18,인천 서구 91길 3
418434fb-8f7b-49f8-88d9-6b4ca434a15c,박승현,Female,48,1992-8-11,인천 강서구 42로 14
6df7c41e-be7a-4e53-aab1-9119be20ce5d,이승현,Female,52,1975-1-26,부산 남구 20길 38
9776a213-a4e8-4c45-87bc-5694a26253da,장지현,Female,55,1964-1-21,인천 서구 61로 37
9697a171-765c-497f-aa4c-b3f1f2e12e9f,강준영,Male,59,1963-10-8,대전 북구 74길 61
9a8bf25d-903e-4570-9955-909205eeeb9f,장하은,Female,12,1995-3-17,대전 서구 76로 70
493dca2f-ac30-4f56-8742-e0b25bacdb96,김준영,Male,52,1964-5-5,인천 강동구 21길 15
e8cc804b-6e1c-4439-a4c5-49e51f71015b,조준영,Female,19,1997-10-23,광주 강서구 44로 89
5b1e2488-8d64-472a-9b9a-e0fb9b163058,강지현,Female,24,1961-12-26,대전 강서구 70길 57
5a0b44ce-e7c8-462a-96d6-af06fd67d13e,이하은,Female,64,2002-3-17,울산 동구 74로 59
7c086544-6183-42a3-ad16-741863649108,이하은,Female,40,1986-9-24,인천 서구 32길 33
7118ccc0-db82-40ae-a744-4ff7824c06f9,최준영,Male,23,1995-6-13,인천 중구 4로 49
de393c84-0843-4c9c-b932-ff64ee7db734,이은지,Female,60,2010-5-6,부산 서구 43길 63
2d3e356b-81a5-4f89-a6fc-5759d979cc42,최준영,Female,65,1994-6-21,부산 강서구 50길 22
aeade76e-e180-4f98-8071-ccbda2c2ce88,장지현,Female,56,1963-7-19,대구 강남구 94로 1
4587d75a-985a-4eb0-89ba-c2f0469bfc60,최지훈,Female,13,1963-6-7,광주 중구 86길 72
e5cda35e-dcc0-4135-9304-cd792ea3391d,조은지,Male,20,1988-7-21,광주 남구 58로 48
968057a3-5145-4156-916c-d3b62ae37eaf,최하은,Male,19,1992-10-16,인천 남구 1로 85
b3bd28f8-17d2-433e-ba34-0c5a4fa48600,김준영,Male,16,1969-4-6,울산 동구 83길 79
a03b62d3-7499-49b7-94bc-32341ca76b67,박은지,Female,26,1983-4-10,부산 강동구 42로 42
a034ae1b-14c8-49b0-b013-fc2a1107fd47,박승현,Male,16,1985-2-26,서울 북구 55길 38
7537c50d-0324-4a39-aa31-e62753e21f83,이승현,Female,55,1986-4-12,인천 강동구 94길 9
a9a84518-08fb-44a4-8ba5-040cce34016b,강은지,Female,48,1990-4-24,부산 강서구 37로 88
3319282b-9e7d-42c2-bb1e-a66e5e7ab346,이지현,Male,10,1971-9-4,부산 강서구 13로 54
292b753f-f5ec-4c29-a0fc-aad2bf1c4a11,장준영,Male,48,1987-9-26,울산 강서구 18로 25
6394e35c-6448-4040-94fa-3144bdba67d1,이하은,Female,41,1974-2-25,울산 남구 25로 8
f44be012-a0d1-44db-b7a6-d46de2030855,박승현,Male,39,1974-8-12,대전 동구 54길 85
fd5fdcc7-da25-4f2e-81d0-cc871c140222,장지훈,Female,11,2001-5-14,울산 북구 54로 55
81bc8c01-7380-4a4e-ac2a-e9e826424cec,김지현,Male,50,1963-5-1,울산 서구 99길 36
b11acd3c-0c91-4bb3-862e-b2f3d727ba3a,박지현,Female,38,1971-10-15,부산 강북구 82로 57
988ca8d8-210f-43e8-9111-1adf8808d01a,장승현,Female,48,1987-7-4,광주 북구 67길 69
f2a7252f-bd1e-4302-8276-b1ddd0e6dff9,장준영,Female,45,1983-5-13,서울 동구 79로 44
27242a98-611c-47a0-b1ae-156675544650,박은지,Female,31,1965-1-21,울산 북구 78길 91
601401f8-2cb5-4a3f-9a2e-ac59ec1df4f4,박지현,Male,18,2008-7-9,대구 강남구 97로 59
8fc26a37-4571-4a60-830f-5fb88fb64471,김지현,Male,48,2005-5-14,서울 강북구 26길 88
e83331f7-325a-4abe-85c1-e5b98ac9522e,김지현,Female,69,2002-10-15,서울 서구 33길 39
d873aedb-d9e4-4538-97c3-5cdc7d5cbf60,김지훈,Female,57,2007-10-7,광주 강남구 50길 27
4075ba74-6ca7-434c-a384-1fa10de9c109,김지훈,Male,51,1978-12-10,광주 동구 67길 13
b56686d1-1ee0-45c9-9e67-2a1a6c31530f,김은지,Female,67,2003-10-12,대전 남구 61로 91
9ebab502-d045-4fa7-9a66-01ac9d210285,장예진,Female,20,1964-5-3,인천 남구 5길 84
95e66943-bae5-4674-a6db-97f9da9bea92,김하은,Female,68,1991-12-18,인천 강북구 9길 31
89816494-c554-4a04-bf13-0ea1ee267ab3,조지훈,Female,14,2010-6-16,인천 북구 68로 72
2c41d0cd-b0ee-4943-b992-f5a14656381e,장지현,Female,34,1969-5-8,광주 강북구 21길 56
6803515f-6f7c-4216-ad5d-c29a6c74e8a4,최준영,Female,29,1961-11-15,서울 남구 38길 66
2170b690-da0f-490b-86c2-04f4736886b0,조준영,Male,22,1998-4-18,광주 동구 39로 33
caa46c17-8dc3-472f-87d7-0629a1322b32,조준영,Male,60,1964-6-13,부산 북구 55길 86
9c28b345-6b1f-4b3f-b4c4-7fcb5c53ff0e,최준영,Female,44,1961-3-17,서울 동구 39로 52
a1e9667e-1456-4999-be66-b2c86255e5bc,이은지,Female,35,1992-3-16,울산 북구 77로 57
a2955caf-357c-480a-8977-4fe48cfbac85,김승현,Female,33,2000-1-9,울산 북구 73로 32
f90e048f-4f76-4e13-ac12-9bc772d13c33,최은지,Male,36,1995-11-7,광주 강북구 87길 4
47237b0e-f828-4741-807a-099bf8c6e822,강하은,Female,46,1987-2-17,울산 북구 85로 82
abafbe06-dc8d-4073-bc7f-9a908d601473,장승현,Male,35,1988-6-23,울산 동구 94길 89
4b3a8f73-d6f6-4b21-b7f7-20b33e43fe2b,이은지,Female,34,1976-12-25,울산 서구 16로 74
a248a531-dfce-43d1-9919-f23b1eb0e3f4,이지훈,Female,17,1999-7-3,광주 동구 13길 74
27293a83-2e39-46d7-a487-248047c19f4e,강승현,Male,65,2004-4-12,울산 서구 11로 71
acd9a68e-d619-41f2-81e4-fd15e71ce637,조은지,Male,58,2002-11-13,부산 동구 15길 47
79afa7b2-2ac4-4378-8534-01cec4f3ff68,장예진,Male,62,1961-7-26,인천 서구 36로 25
df19142c-bba8-4af6-b690-676829e14a79,조지현,Male,62,1995-9-4,울산 북구 82로 39
3582d07f-b392-4eda-973c-430d07bb1e20,강준영,Male,44,1969-3-16,서울 북구 3길 59
bac820f7-2e17-4ade-a72b-90138ec90495,박예진,Male,70,1978-9-21,울산 강북구 27길 38
023b0a72-a4e7-4af5-9fef-fd043c9313a9,강예진,Female,43,1998-10-15,인천 서구 50길 56
5201a6ca-f079-4b5a-ae01-7b8f926aa51a,김지현,Male,45,1992-4-25,서울 동구 2길 91
7f007489-455e-4897-9505-8c18cf6aa789,김하은,Male,22,1999-2-20,부산 강서구 84길 23
2b257afe-01c4-41ed-b9cf-8e83d573a3da,김예진,Male,29,2001-8-11,대구 서구 91길 70
e49d8a9f-a9cc-4cdf-839a-cd3ca18b96d2,강하은,Male,29,2010-12-16,울산 동구 96길 68
7d3fd760-8592-4008-bc2b-d8ef9f34c175,강지훈,Male,30,2007-3-6,광주 북구 89길 1
6c9993cb-b2a7-4712-9ac9-9c7ae948f7bb,강지훈,Male,13,2004-11-20,서울 강남구 45길 100
1f3b8142-6a2d-4eef-aca3-ee6bb838d882,강예진,Female,32,1967-12-12,울산 남구 99길 95
a0b0ef56-81f7-43b8-bbaf-e9c7e76888f6,박하은,Male,63,1993-11-26,부산 서구 29로 88
34ea9759-b5d0-4392-9218-6fa81ccdf8e3,조하은,Male,18,1969-12-24,울산 북구 49로 91
2c2c272e-3a6c-4921-bf87-da80f412c466,이승현,Male,31,1990-7-13,부산 강서구 15로 98
822cae92-1ae4-47ba-baa7-a9b4421c5c80,장예진,Female,21,1984-9-2,광주 강북구 28로 2
19ba5150-eca8-4929-bc42-60c5c4497a83,이지현,Male,21,2008-6-24,서울 강북구 93길 68
226f640a-4f6f-4be9-9259-14d5edec500b,조지현,Male,51,1965-6-15,대구 중구 18길 4
67cd3a60-118e-4818-a7ae-f6ea298e5183,박은지,Female,27,2005-1-17,서울 남구 75길 52
83c9c34b-a408-4662-950a-1f44320964f5,장승현,Female,55,1974-2-2,서울 북구 53로 38
877ce0fa-b5e8-404a-ac28-60cdb1a5cb74,박승현,Female,14,1966-2-12,부산 중구 36로 46
2346b25d-bc17-42c7-bb85-2af0286fd149,장지현,Female,70,1992-1-14,서울 남구 15길 32
c8bd1557-864e-4dae-9059-ad67e708fa34,강준영,Female,35,2010-2-2,인천 서구 57로 39
8e7c366e-c62f-43a7-90dc-8053c64fdb89,이승현,Male,50,1994-12-2,대전 강서구 58길 89
b61cf68c-914d-419d-9262-ff654332fed4,박은지,Male,34,1964-12-11,서울 남구 36길 36
5206ac69-7afb-443c-90c8-208b82d367e0,최지현,Male,50,2001-2-22,울산 강남구 58길 76
50eed0bd-60cf-48b5-9591-2bae5a6c6976,박은지,Male,23,1984-3-16,인천 강남구 32길 47
e86c63ad-2987-4200-aa57-ee06d3b2f402,이지훈,Female,65,1995-12-11,서울 중구 21길 52
e5c29dc9-9d3d-42da-8a3e-557e116a6bdc,최지현,Male,47,1987-12-21,부산 서구 49길 76
c7396186-c1af-4203-9708-3b7333260f00,조하은,Male,51,1972-11-23,울산 서구 84로 81
101e46ae-6c66-405c-be35-18d433aca213,강하은,Male,10,1986-10-20,대구 강남구 49길 58
eaf3b839-47d4-4127-81be-d6c7ac762996,김지현,Female,51,1969-1-12,대구 중구 75로 75
cabd91e4-876f-4e36-ba17-30cc9021acd8,김은지,Male,30,1985-7-13,대구 강남구 92길 69
d5331461-00c9-4505-9036-fc203aa7f30b,김준영,Male,51,2002-9-7,부산 남구 94로 84
54e8b778-bfa0-4fec-b2ca-7947412cb3bd,박지훈,Male,64,1982-6-7,서울 남구 89로 48
7c423fd6-3690-434d-9369-5f34a6623bdc,이승현,Female,13,1983-2-7,서울 강남구 68로 60
6a2c04bc-951f-4b56-a037-9f307a5c8eae,조지현,Male,44,2010-9-15,부산 강서구 8길 74
eea2548e-d547-436f-947c-919fde2a01d3,장은지,Male,55,1980-6-13,서울 중구 31로 65
d415b724-a500-4fbf-920a-d1e14529ba87,조은지,Male,62,1962-8-12,대전 강서구 1로 42
19265b75-4bbc-4ed9-8e9c-b8a6d4d058a1,조하은,Male,48,1994-8-22,부산 강북구 100로 44
b30e7fbb-d6b8-4df8-81ce-db3cfa8751e3,박지훈,Female,27,1974-3-22,서울 강북구 58로 81
4b0ed848-7562-4018-9a88-ea28a5586532,최지현,Female,27,2007-3-8,서울 서구 11로 98
71030416-5234-4749-bda7-489a2652a043,강예진,Male,40,1991-7-23,부산 동구 75로 24
58768fb8-52f8-488b-b64e-f328180ead29,최준영,Female,16,1999-11-6,광주 서구 99길 27
a5d7c4a9-38f6-4d02-b7b2-0f53b733c61e,장지훈,Male,23,2010-11-19,대구 남구 83로 86
d4a312ae-c879-48d0-83c1-52ec804882a3,장은지,Female,32,2003-5-9,대전 중구 26길 50
32d5f0f9-2d5b-4454-be20-b39fa4faf643,조지훈,Female,64,1961-10-20,서울 강북구 67길 11
265fc530-05b8-4114-ae91-e282c6dd74d7,김지훈,Female,10,1969-12-5,서울 강서구 19로 45
b9b63364-fab6-4b5d-ab01-8abd5369e830,장예진,Female,54,1980-11-22,대전 강북구 61로 86
8cff0550-b1bb-4653-8567-46a15da24f02,김지현,Male,56,2005-6-4,대전 동구 4길 66
c84bd73f-771e-473d-832e-304585b2ffb6,김예진,Female,57,2009-2-23,서울 강서구 100길 28
e6ef964d-8673-4753-8bc4-29c7bd6ec87b,장은지,Male,16,1996-7-26,인천 북구 45로 5
18574883-ac7f-441d-b89c-dc1eded8c731,박지현,Male,30,2003-4-27,인천 서구 47로 77
df81f794-e89f-43cd-9166-07ade0d76898,김지훈,Female,17,1985-6-7,광주 중구 23길 90
82b52afd-3742-40b4-8e08-a65537296909,장준영,Female,39,1981-3-6,인천 남구 45로 73
4fadc190-b01b-4f95-adb3-604739a5ec79,박승현,Male,33,1996-11-7,대전 강남구 16길 66
d2858fca-e1d7-4a61-8fb7-a7736eeca6a7,박지훈,Female,16,2006-10-5,인천 강동구 77로 76
dd0f9173-3c36-45fd-bc06-ff24a9aa2824,조승현,Female,59,1969-7-23,대구 강남구 82로 52
54e97fa2-9fb0-4353-a0c3-4115b18ae5e3,조준영,Male,40,1995-8-19,부산 강남구 45길 57
8a41c541-a5bc-4ce6-8c94-6751c5c5c0c7,강준영,Male,43,1988-9-1,대전 남구 71길 24
27a413d2-a2f4-4af7-bceb-6ab4235ebe62,조준영,Female,66,1984-8-13,인천 강동구 57길 14
6cc1ad08-c04c-4009-b512-d2ed618eb9c4,강하은,Male,66,1981-2-24,인천 강남구 17로 46
6cc1cfbf-90bb-409c-aa49-73b95ba21754,조준영,Female,15,1964-12-6,대전 중구 79길 93
f49742e3-3de2-49da-9ef8-4b051744dbf1,조승현,Female,33,1974-10-21,대구 동구 81로 33
bfa83c33-a93e-45b3-8057-8c5c9629e5ea,이지현,Male,10,1961-4-2,광주 강남구 7길 34
96bc9cfe-19e5-437e-be65-9845c3c547bc,박지현,Female,65,1973-8-8,부산 남구 74길 98
02670dcc-6155-412c-b784-3305d40151bb,최예진,Female,52,1981-2-26,울산 중구 27로 35
e8353a74-d592-4540-85a2-63e13bb0b28a,이하은,Female,46,2008-10-17,울산 강남구 10길 36
011a03ff-b218-46ac-9c59-420dd3a78853,박예진,Male,65,1976-10-19,서울 강남구 73길 8
de61b879-478e-4aa1-af75-446e140fdaf2,강하은,Male,32,2003-5-5,대전 강남구 31로 92
7d1401c8-52d9-4a4d-9510-896cc377b450,최준영,Female,28,1975-7-13,울산 동구 54로 90
82d4721e-cbf7-4c8d-8165-b21addd96983,강준영,Female,43,1962-8-16,대전 강북구 63길 84
2419a8ab-1d69-4e45-b6dc-6a6282cbd52e,장하은,Female,40,1993-2-21,울산 남구 64길 69
cd6439c0-d4c7-4aed-b364-89bb0c2c6486,최준영,Female,52,2009-7-7,대전 북구 96길 69
987a1182-2e92-421b-8f68-43192e2af68b,장예진,Male,65,1992-10-22,광주 동구 3길 55
992cf199-2987-4469-97b7-04a31fc013bb,장지훈,Male,44,2002-10-27,광주 중구 39로 65
eaa1f3c9-e486-44bc-91ad-5c53171b5053,장은지,Female,48,1971-8-8,대전 남구 79길 45
e842c874-e97b-4a08-bc0b-695a3efed496,이준영,Female,54,1996-11-19,부산 강북구 15길 81
c9d095c3-bcb4-4ead-b5fb-fa63ba89cfc2,조준영,Male,64,2005-2-17,울산 강북구 66로 100
51852353-b346-4d9c-be04-cc503fc9d5a0,최하은,Female,62,2010-6-5,인천 서구 51길 4
bedf8aad-4868-4efc-acdb-8e3584235a83,이은지,Male,57,1963-2-21,울산 강북구 59길 62
d882d126-f2ff-46ad-b234-5276b9873c14,강승현,Female,29,1962-2-28,대구 북구 72길 51
e9cb52da-9f9a-4179-a0f8-bb4eb33f6bab,이준영,Female,14,1983-10-1,울산 강남구 64길 17
e7048e54-34d7-4452-b6f0-be87af98e4d3,이승현,Male,38,2002-6-17,대전 강남구 59로 84
780b09cc-7b1f-471c-9160-402268d31139,이준영,Female,27,1990-4-14,부산 동구 66길 56
9efd25c0-f5aa-4af4-ace5-2b3d0e385e14,최준영,Female,43,2010-3-20,대전 남구 86길 47
37fb49e9-21db-44f3-85bc-2f482031e727,박지현,Female,52,1967-7-19,대전 남구 34로 77
41b938bf-bdab-44d9-9448-74b4bba39f00,최지훈,Female,34,1999-11-2,부산 강동구 12길 15
2fcb62c6-b639-406a-9d83-0d5c3318b6d1,장예진,Male,63,2000-10-27,광주 강서구 85길 89
0d4579ec-0c8e-45b0-9c27-825e85d5009a,조하은,Female,62,1999-3-16,부산 강북구 5로 20
59791c1f-9cf7-4412-b47f-293630a1d4f9,조승현,Male,67,2001-9-17,광주 강북구 98길 85
0dbc64df-ded8-44b0-a974-59441b581ebb,박지현,Female,34,1973-3-21,광주 북구 90길 36
416866b6-a1c8-45c1-a80b-18d948f23bb0,최은지,Male,61,1997-8-1,대구 북구 10길 18
8bd70281-2c4d-4015-a1f8-bd12bedee2d0,강하은,Female,68,1976-4-18,울산 남구 70길 10
e623b8a3-9516-42ec-91eb-634094929f8d,김지현,Male,68,1975-1-14,대구 서구 100로 87
393e413c-8518-424a-9061-4c67e7a9564c,박승현,Male,29,1990-6-12,울산 동구 42길 26
5f4b8efe-ed00-469d-98d6-5e0baab657cc,강지현,Male,29,1994-11-24,울산 강남구 38길 64
c988c88b-2b0c-439f-bcee-a7c65316ea47,김예진,Male,18,1984-1-2,대구 강남구 60길 43
d021419d-ec28-4cf7-94c4-11ba9b8a809d,강하은,Male,24,1961-10-28,울산 남구 34로 25
5834cf66-ab10-42dc-913f-5e8c2d71101e,최지훈,Female,45,1968-7-12,광주 강남구 41길 68
0ba9a92d-cb80-4949-a6cd-bc161c2a1eac,장예진,Male,34,1970-2-18,광주 강남구 23길 31
23749110-9832-406c-8010-d8b3cbcf62cb,강예진,Male,69,2009-9-8,울산 강동구 35길 1
06a1df40-52d9-4cda-84d4-8a3e5af1ccf2,강하은,Male,53,1984-9-1,서울 강북구 57로 77
41b70e67-aba4-4e71-86e7-8fd37773ba43,강은지,Female,20,1968-2-16,광주 동구 58길 76
09199804-c4c2-4e14-a2c6-b0f3920c8097,이지훈,Female,13,1965-2-5,대전 중구 68길 44
a12d4a8a-4688-44b9-91a6-8921e0ac053d,박예진,Male,53,1969-10-12,서울 강동구 32길 3
fea1cdc3-1349-4beb-a87e-0a2fb88bb1fd,장예진,Male,64,1966-4-6,대전 중구 60길 3
2a0c5325-f550-4df1-bc65-697c30c87068,최은지,Female,22,1999-6-21,대전 서구 57길 11
9bbbb45a-d5cf-4e5a-bc82-98b447fd3e33,장예진,Female,49,1985-3-14,서울 강서구 40로 20
94f3d921-a4a2-4ec6-be8d-6f379a03f3b7,최은지,Male,67,2009-6-27,부산 강서구 82로 92
605a3d7a-d52b-4a5c-a60d-e2954a74a8f0,강하은,Female,68,1990-5-16,광주 북구 70길 51
7223366a-788c-45ad-9073-d3dc2a5867a8,강지훈,Female,17,2000-11-23,대구 중구 100길 78
d8db4b58-ae2a-4f38-be7b-bec9226166e2,강준영,Male,11,1982-4-17,서울 강북구 14로 82
18651f9a-696a-4982-bb54-f74836e526e2,최승현,Male,54,1965-7-6,대전 강북구 33길 32
0f2584ca-a9ce-4084-9f94-9cce964ea547,최지현,Female,39,1966-10-14,광주 강남구 15길 23
94e37290-200f-4bc6-a9f5-184b9673c8b0,강준영,Female,41,1991-10-16,부산 남구 29길 15
5a512f9c-e669-40bc-beae-7b213fcc5036,강지현,Male,43,2003-2-21,대구 서구 67길 3
b0508b70-2aa1-4896-ac5b-a2508d84a93d,박은지,Female,69,1976-12-26,인천 강북구 47길 36
2b900727-6a3d-4870-8240-0facab3839e6,강승현,Female,60,1979-9-24,울산 강남구 87로 1
9caae307-8ac2-4e78-bf81-97c85ee3ca1e,이하은,Male,30,1983-9-20,대구 강남구 72로 2
09abca0d-23e5-4333-823b-1f74dcf53648,김예진,Male,58,1965-7-10,서울 서구 73로 84
3978f8bb-30de-4b6b-a9bc-0ef8f3aa86ee,박하은,Male,56,1976-6-19,부산 강서구 36로 97
542e3963-fe3e-44f1-a642-7783e8363d8d,박예진,Male,17,1990-8-8,서울 서구 97길 91
1cf83f7e-73ae-4665-9fed-a5bd101169b4,장지훈,Female,34,1984-10-15,부산 남구 96길 69
4484a81e-9c54-45cb-9b70-e5102c6a8913,박지훈,Female,48,1985-12-16,서울 강남구 72로 86
65822cb6-03e4-459e-8c52-d1d9c872971a,강지현,Female,62,1982-12-21,인천 강북구 89길 67
1c93f95f-8e65-44ec-b37a-8b2d17071390,박승현,Male,14,1982-3-24,서울 동구 58로 51
70e685a3-bee8-4da8-8ab0-af26a4249061,최지훈,Male,61,2001-5-7,대전 중구 60로 54
d321de10-19c4-4fce-98c5-6636908612fe,강하은,Female,66,1981-7-11,대전 강동구 93길 83
5255015c-673c-4121-a8ae-19302e14d152,강하은,Female,68,2006-12-13,인천 북구 47길 81
84348ddd-4f68-4761-8bb2-b71b02681816,이준영,Female,59,2002-4-2,부산 강서구 41로 87
b0408ca6-da80-4dce-9a81-57cdc9362c15,강승현,Female,30,1961-6-20,인천 서구 91길 79
ec4025a5-8f80-4e98-bcaa-fbe8518c8d80,강준영,Female,13,2001-3-21,부산 강서구 24길 71
63f3ad72-c1cd-41d8-879f-f061cb59e6f0,박승현,Female,51,1960-4-18,서울 강북구 23길 18
a8ded32d-fc7d-4e74-aec1-cf69c36730ba,장하은,Male,18,1993-7-24,인천 강남구 16길 44
4ca18854-b343-40b6-a8aa-183a05e24567,김준영,Male,14,1962-4-14,서울 강남구 45로 91
e7edd641-d7f4-44c2-b718-ed5c16186d13,김하은,Male,60,1966-5-3,대구 강서구 49길 53
5fc516b9-bdf0-4586-bbe6-61d9122fbd9e,장예진,Male,29,1961-12-1,부산 남구 98길 29
e7cffbaa-b087-498e-8aa0-5486b197bf39,강승현,Female,10,1979-3-23,대구 중구 62길 87
b6c6319b-e859-4310-ba08-6aa000680a59,조은지,Male,15,2008-6-13,대구 남구 99로 3
a9058538-a661-43f6-8162-85e17c2acee2,조지현,Male,26,1973-6-23,광주 강남구 69로 100
509d5678-5905-440c-b0de-b276b154688b,이은지,Male,36,1994-1-24,광주 강남구 1길 18
32405d65-b771-41d9-9f89-e69ddca03953,조하은,Female,24,1960-3-17,대구 중구 14길 60
095cf482-797b-4790-a693-7776269b827c,장승현,Male,70,1990-5-20,대구 강동구 77로 80
e08bd437-e51a-409c-a215-0a61a799fd65,조지훈,Female,33,1972-2-17,울산 강남구 99길 48
57ccb8c7-402a-4c5a-a3a6-9074cd5eb316,최은지,Female,29,2008-4-20,대구 강동구 10길 99
ebe29822-49ae-4f71-889b-fe03844af1b2,김준영,Female,21,1986-3-22,대전 남구 13길 89
3ade6ecd-dc64-493c-8266-65fbe81560c0,최은지,Male,25,2002-7-26,울산 중구 32길 35
730a9dea-210b-4e79-912b-df5ec2e18681,최승현,Male,70,1992-10-10,서울 남구 15길 63
4c674b80-fef9-4ac9-b442-1dfc6de9d82f,김승현,Male,32,1984-12-28,울산 남구 92로 70
7dd65848-8b31-4e83-9d3e-9dbd5462a3f6,최승현,Male,64,1992-12-28,대전 동구 73길 42
51bc42d7-dfc2-4026-a64b-c470ee947872,장예진,Female,60,1998-9-12,울산 강북구 89길 2
677dae3e-42f2-4988-8845-c0d8434eaa6c,조지현,Female,40,2008-1-23,부산 중구 75길 38
1684c50b-6b0a-4efe-a5aa-a24fae284226,최지현,Male,34,1976-7-13,인천 강서구 89로 87
d80d6662-0ecf-4917-b3a0-5746735e4a23,박은지,Male,55,2009-11-10,광주 강북구 4길 52
2e0f9200-da88-46ba-9798-b5c9fde928c3,박예진,Male,40,1999-11-7,대전 서구 16로 24
2c687da3-5577-4bb5-8e70-93f6242688a3,조지훈,Male,41,1996-3-11,대전 강서구 21로 6
33db59e3-e820-4e72-a65f-b0753c7017e2,조승현,Male,40,1962-2-15,인천 강동구 93로 82
fe64cf89-36a3-4d0d-b961-352eb249a87c,강지현,Male,13,1989-10-10,대구 남구 10길 63
fc993418-6696-4471-ac36-ace9ed495914,조예진,Female,49,1960-9-4,서울 강북구 22로 91
00b96d1c-dd30-4771-8a7e-1d33a78bbee5,강준영,Male,52,1989-3-4,울산 서구 90길 55
64d71aec-a54a-4ed5-9d6c-a10b64eebf07,장지현,Male,14,2000-7-12,울산 강동구 60길 18
679fd486-5564-47aa-a3e1-9eb19649a91d,김은지,Male,37,1982-4-4,대전 북구 53길 22
aca048e5-3f47-4cd2-beff-9261a3c405f7,강은지,Female,12,1988-8-27,서울 강동구 8길 34
a3148702-9d5a-4370-82ba-0d078bb2bbaa,강예진,Female,35,1962-2-8,광주 강서구 75길 84
92d48863-3a8b-4bf5-965f-7f448b793afb,김승현,Male,52,1966-7-15,인천 강동구 94길 44
2eacc6d8-01a7-4432-818f-33751a28cee7,김준영,Male,23,1967-9-11,대구 강동구 14로 39
079bcd75-ceb6-4a33-b6a2-511b8ea669e1,강예진,Male,59,1997-1-23,인천 강북구 79길 42
d81b6a2f-0443-4292-9984-19c6743fb782,이예진,Male,28,2000-11-17,울산 강동구 78길 41
2855e992-feca-41db-93fb-b0b09389790a,조지현,Male,68,1980-11-6,대전 서구 71로 36
2adc9e19-3430-4b09-b549-7118fbcfbc34,조지현,Male,28,1979-6-12,부산 남구 51로 12
2081ed40-db03-4c45-bee4-4142d1e2063c,조예진,Male,60,2004-3-16,대전 북구 81길 34
da6d3a83-fd50-4a2e-a66a-12da4ccfa9c7,김하은,Male,17,1990-11-18,부산 동구 35로 96
6bdc0ea2-3a29-4a31-9a86-95719cb08da6,박예진,Female,58,2007-1-2,부산 강동구 38로 75
6201938c-8932-4637-91db-59cb6b443393,최예진,Female,18,1992-10-18,울산 북구 53길 37
60497517-e5a0-42e4-8b3f-9eba05178a4d,최지훈,Female,32,2001-10-28,대구 강북구 32로 15
a50152d6-6532-455f-8a95-f0de2bb370a6,강지훈,Female,29,1961-8-18,서울 서구 34길 53
1900355f-1216-42b4-be70-8fede77634ea,이승현,Female,11,1982-9-15,서울 남구 19로 41
9e233765-1a58-47e9-9e05-df1694d7e20e,김하은,Female,25,2007-2-6,인천 강동구 85길 26
57cee720-8869-417a-ba37-9f520b9d1e34,이예진,Female,67,2002-1-11,대구 강북구 50길 20
ae2c8e2b-d28b-4b5b-9865-05d5594ba97b,강지훈,Male,62,1961-1-25,서울 중구 64길 16
04055782-9a30-4f31-b89e-5aa96e4b8501,조준영,Female,58,1982-2-25,광주 중구 63로 10
a377b7aa-39ab-4c85-a442-bd25a65acbb1,강예진,Female,27,2006-4-28,부산 강서구 70길 18
b5a418d2-d34b-4ac1-ac5f-b39827f6079d,이승현,Male,30,1980-8-26,서울 북구 95로 43
eeb1a8d2-7746-4a96-b72b-a48346c350dc,이지현,Male,52,1967-3-4,대전 강서구 88로 56
a0d00f46-e92e-4638-86b0-f0c405bfe49a,조승현,Male,36,1978-1-3,대구 동구 21길 82
bce3fc62-d415-4d3e-bf20-1b55c751979d,박지훈,Female,38,1991-9-20,광주 동구 57길 36
90d8a1c8-2d02-407d-bca4-5587d7563276,이은지,Female,50,2000-4-14,대전 남구 50로 37
36020dec-a895-4e23-a1f1-277b150f0c0c,조은지,Male,34,1998-11-24,울산 강동구 21길 2
6e5cb447-8e76-4c5d-94af-047297e65544,조하은,Male,46,1977-4-16,광주 강북구 93길 59
f2727c04-05cb-4e78-a324-77013e907741,최준영,Female,25,1967-2-7,대전 중구 3로 25
4e5e880f-6484-4b5f-bcbc-abdbcb5bfff6,조은지,Female,44,1967-2-2,대구 북구 94길 15
5f310cd2-da5c-469b-954f-2958180528c1,박은지,Female,19,1990-11-25,부산 남구 14로 100
ffd89f11-3023-4e95-aacb-165728f5802f,장준영,Female,34,2007-6-28,울산 강북구 41로 8
52aa0417-086b-4455-9197-336d51ea7276,이지훈,Male,16,1989-6-2,대전 강남구 14로 76
a3d1d48d-9782-4bad-b5e9-77126567f56b,이예진,Female,30,1982-8-10,광주 강북구 16로 64
9a5b9614-e141-497b-9df9-0a1edbf381d3,강하은,Male,45,1965-12-12,광주 북구 65길 80
8bb7ee2f-f027-4599-8f6a-e2a72c2b8bf4,강지현,Male,19,1999-4-10,울산 강남구 26로 42
b76e0bfe-dfe4-4b02-aab3-a669882a3f3f,조준영,Female,46,1999-2-24,울산 강북구 71길 45
10a57366-69c5-4e60-8e2c-73ce9b6f2c8b,이지훈,Male,58,2000-6-5,인천 동구 69길 77
dc01c053-6e3f-4e2f-bf3b-2c8c9afaf9b3,강승현,Male,46,1988-4-4,부산 서구 67길 48
30a6c0cb-6b84-4203-b370-297c9c5c4f78,장승현,Male,51,1960-2-20,부산 강서구 100로 71
df375608-0f5f-4218-bb66-d647a79cace3,조하은,Male,11,1964-10-22,대전 강북구 98길 100
3aaf2f80-c45b-48d8-af4c-b8a184de3e0f,장준영,Female,23,1970-3-10,울산 강동구 51길 16
12d9e2f4-1ce3-4ae2-8f7b-b0895c2214e3,이준영,Female,67,2001-8-21,부산 남구 10길 6
d7a0330c-d00d-46da-ba80-a7601498899e,장지현,Male,43,2006-2-25,서울 강북구 59로 42
81ac7839-782f-4caa-b4cb-580e00bea6a7,장지현,Female,33,2004-8-7,부산 강동구 31로 56
7bd6edd5-889d-426c-a110-214206dfe2f8,박은지,Female,45,1961-8-28,울산 강북구 36로 44
24158dfa-a0ec-4b8b-a3ac-fa6799efb1a6,김준영,Female,38,1970-7-22,서울 동구 55로 75
1ac40e02-7ba6-4113-8172-5b24add19fb6,이준영,Male,11,1997-10-21,울산 서구 20길 92
ab744a3b-d503-43fb-a4c9-4bc3791b4f72,장하은,Female,67,1971-5-14,인천 강북구 96로 64
57715413-96e9-4662-a96e-b52270bd6150,강은지,Female,51,2009-2-6,광주 서구 23로 94
f21df125-4c69-4850-a90d-a53b6adb1892,이하은,Male,65,1960-2-2,부산 강남구 61로 91
e65b6ad7-d37d-4f78-aca0-789edd3d8384,강하은,Male,12,1993-1-25,서울 중구 83길 54
97e2bceb-f150-40bb-b33c-4a716e62ac03,강하은,Male,14,2010-11-9,부산 중구 46길 25
e015b944-c555-45fd-a6c3-256e9bc1eb49,최하은,Female,64,1973-3-23,인천 서구 25길 65
6812e94d-71a8-4d5b-9bd9-c0d38f12ec35,이하은,Female,67,1977-12-1,대전 강서구 61길 22
45f3106a-219f-4f04-9ac2-0c5e2c387421,조하은,Female,17,1975-10-18,서울 북구 73길 69
c08d055d-9976-41dc-8491-5681d52dc42f,장지훈,Female,11,2008-1-21,울산 강동구 77로 12
5beca9cf-aab3-4c3d-9d99-90d722955cd9,최준영,Female,55,1996-10-27,서울 강서구 81길 14
0a203cac-ae0c-409c-b541-81a9d09a088f,김은지,Female,44,1994-12-5,대구 동구 77길 46
5229ec9c-8d3e-4c14-991b-e18124183a33,조승현,Male,65,1967-4-11,대전 강북구 38로 96
fbd70d5b-7096-4fbf-97af-1dd8c43e81df,조준영,Male,64,1990-9-22,부산 북구 63로 73
fe16e9f3-361b-4a5d-b8f2-f7914f422a2e,이지훈,Male,33,2001-6-7,대전 남구 46로 39
4fab3438-e20a-44b0-a655-a0d5daac2337,박지훈,Male,40,1974-5-3,대구 남구 29길 78
e1bdbd57-c66b-4433-95b2-003a0b90a0ec,최하은,Female,14,2004-1-7,부산 강동구 90로 46
2cb67af0-1513-4b6a-b387-5cc61387c775,박지훈,Female,16,1969-4-8,광주 동구 87로 81
d65bac84-bfc1-4cff-b387-6cdb5fa813fc,조예진,Female,52,2001-9-19,대전 서구 5로 84
7ca0e062-9c31-4ed0-8866-54757bb24e15,최준영,Female,60,1975-2-26,광주 북구 20길 51
1fb6c4a2-4349-482d-b484-21552479075a,장예진,Male,59,1982-2-13,울산 강서구 66로 26
f5eeac2c-52d0-4b87-bc7c-87b72d769157,박지현,Male,61,1965-11-1,인천 강서구 92길 56
57c5c5a2-c721-4bdb-bfd7-0294ac75c997,박예진,Male,54,2009-8-23,광주 중구 78길 87
bfcebea5-7154-476d-a6ae-84a6151ce392,박하은,Male,20,1989-6-17,대전 강북구 3로 14
1f305fea-8ecc-47fb-9cda-95592dbbd8f6,최은지,Male,34,1988-2-8,인천 강남구 42길 70
993f84db-1476-4603-8462-cdc14dd56c1c,박지훈,Female,20,2000-4-10,광주 강서구 43로 30
19f51195-585b-46a0-8ff6-654574fcd237,장하은,Male,41,1981-10-13,울산 북구 32길 70
a7a10a01-d2d1-46ea-b6cb-ba406b92c6e0,박은지,Female,19,1992-9-16,광주 강남구 45길 78
33b6c892-b439-4268-be71-cdbe1a56356c,이예진,Female,44,2001-1-22,부산 강남구 13길 48
62426242-00af-44ad-8607-2cd4c94894d5,강준영,Male,69,1989-4-14,대구 남구 98길 17
205a9aff-d7fc-44b1-9594-5acd96ff0ff2,이준영,Male,14,1968-2-22,광주 강남구 38길 13
0d6ddea0-0c09-4055-bc03-448aa99168d7,박예진,Male,47,1995-1-24,울산 강남구 25로 34
69966b88-ea17-483c-8a5a-e3221249678b,장하은,Female,42,1976-12-27,부산 강동구 8길 93
2aef6b8f-3545-4a51-8e32-e1025ff7a7a7,장은지,Female,36,1985-1-1,인천 동구 100길 44
b98d6a85-f8cb-4469-8273-a7087d058cd4,김승현,Male,46,1999-4-6,대전 강서구 11길 19
c2237f10-4189-462c-a8c0-04456d252782,김은지,Male,21,2005-8-10,광주 북구 23로 68
2927a6eb-ccc5-4350-8e46-70f2bcef96e5,최은지,Female,22,2004-1-2,인천 남구 2로 66
fe35e676-ee9b-4a51-8b9d-a81f8aeec954,이승현,Female,30,1995-12-9,인천 서구 67길 38
f89f0a6a-44a2-4005-9754-cc169561cf7c,김지현,Female,41,1960-3-28,울산 중구 78로 11
1fbe3993-a5a7-4efa-8a15-666f426b4100,최준영,Male,59,1992-7-3,광주 강동구 46길 39
567b7063-d1ad-4cf7-b116-628fcf3c7000,박예진,Male,19,1997-1-20,서울 남구 68로 97
a7dc4d76-914c-4589-b5d4-a875871d1ac3,장준영,Female,47,1987-10-20,서울 동구 67길 73
8b47e26d-12e6-45a3-a653-21c3f403b8d1,강예진,Male,39,1979-5-20,대전 서구 15길 89
3ce70090-bfa0-4f9e-b144-8e2821678c79,이준영,Male,40,1978-2-22,울산 동구 16길 54
5f9c88b7-fe23-41dc-b68c-aabf0ced6dda,김은지,Male,25,1963-12-18,인천 강북구 96길 19
18d58074-781a-4b28-ba9f-9982e417ab27,장지현,Female,34,1986-5-27,인천 남구 44로 36
0e4164f0-3e11-4e9d-b7a0-976cd1aa1ac3,김준영,Male,35,1997-1-11,광주 서구 83로 23
95ed1222-6226-45e7-bd64-5e05a9d72ea4,김지현,Female,22,1962-3-24,서울 중구 52로 47
5516411c-1a9f-4880-850c-f2bf6f5a7f24,장지훈,Female,12,1967-11-2,대전 강서구 42길 3
dc70edb9-56c3-4855-89cf-b3d31964a1c5,강지현,Female,14,1992-1-12,부산 남구 63길 88
e2241611-61b2-44c4-8be8-7b774340f4ba,조지현,Male,67,1993-7-21,인천 강남구 2길 30
2ed3ce03-79bf-4421-9935-668abf5c9702,최지현,Male,64,1970-7-16,인천 서구 50길 1
79974e8a-3495-412d-a678-d28524585a10,박지현,Female,50,2000-9-28,인천 강남구 6로 83
98bc5592-cec3-41ec-9798-b66b5751ceff,장준영,Female,57,1965-5-4,광주 중구 11길 32
37952630-1719-4d2e-89f6-ffcdbdfd244c,박준영,Male,69,2001-11-23,대전 강동구 48길 3
bfa32adc-ffd9-477d-90ee-d3790c41596f,김지훈,Female,46,1971-5-23,울산 중구 8로 64
7291f486-76b5-477b-ba8e-af58d332dd38,김준영,Female,59,1966-6-1,대전 강동구 48로 45
3ea22dba-9abf-49f1-b2d6-481a61a949b0,이지훈,Male,31,1978-12-1,인천 서구 10길 5
734583f8-8742-433a-a135-a070de61ba10,최지훈,Female,31,1971-3-27,울산 강동구 10길 51
e539048f-c490-4efc-8e7e-2550bd3e3837,강지훈,Female,38,1965-2-7,서울 중구 95로 32
d2d81926-d636-49af-917d-44cac63d7207,최준영,Male,52,2007-10-17,대구 북구 46길 17
77fceb27-f673-421f-b9fb-8ecb72ac2560,박승현,Male,20,2008-6-23,대구 강동구 1길 77
98d122bb-dfed-4c7c-b3c0-bc7b07d2903d,최예진,Female,40,1963-9-1,광주 강북구 40로 70
7df82518-f55e-4228-9aa2-fb6310745374,김준영,Male,44,1996-6-16,울산 강동구 63길 88
52b69b9b-93c1-4299-a44b-5c59b08ecd60,김지훈,Female,38,2005-5-13,광주 강남구 3길 82
11d761e4-2e9a-469b-b17c-6428ebbab112,장은지,Male,36,2001-7-23,인천 강남구 36길 79
cefbbc8a-8a6c-4cf2-86b8-7592578cdb12,조지현,Male,27,1975-12-4,대구 강남구 93길 65
eb98119b-dfa6-48c0-9b6a-305e40828935,최지현,Male,37,1962-1-22,서울 남구 85로 59
81015cba-d0d9-4c67-8ea7-f227f366dd1f,김은지,Male,67,2010-12-7,부산 북구 13길 13
0a2634b8-6188-4321-bf22-e0a29c906ac9,박승현,Female,11,1977-11-21,서울 남구 42길 58
91842953-2b97-461e-adba-1cfcaa608e36,조승현,Male,19,1969-9-5,울산 남구 86길 28
3e118958-7c8f-4746-903a-508388546388,강예진,Male,32,1973-9-10,울산 서구 99길 90
f2112fae-1b6f-4e24-a62d-c776a52ab7d9,강지현,Male,40,1984-10-22,서울 강북구 2길 23
be8cde4f-974b-45b7-9621-0a4c2393cf9b,이지현,Female,68,1974-12-22,대전 북구 35길 47
5f2f350e-a6f6-4e2b-ba10-01936b1a9ea9,이준영,Female,33,1996-9-13,인천 서구 48길 29
75a094c9-c801-4b33-8a29-20cb47ddce7e,김준영,Male,56,1991-12-11,울산 강남구 85로 51
53c95cd1-2ac1-40f3-bc9b-962c4af2842e,김지훈,Female,63,2005-2-3,인천 북구 75길 89
00546d91-1a34-456c-9c72-c3fb7177d081,강지현,Female,43,1995-3-27,서울 강북구 83로 31
50ab68b2-3e40-4878-8b1a-538a1ce2de4a,조승현,Male,20,1969-1-25,부산 동구 52로 80
c53c992e-052f-4900-9aa7-0eea858b1dea,이지훈,Female,39,1997-2-28,서울 북구 25길 46
bc835a84-0ef6-409c-af8c-0cf73497db1a,조준영,Female,59,1980-3-8,부산 남구 45로 17
7fb64245-4c6f-409e-a368-333f39d25d0a,김승현,Male,64,1972-2-9,대구 서구 51로 12
98230f53-bf2f-4193-8e92-496c1c9a827b,장하은,Male,29,1999-10-14,광주 북구 34길 16
f84b3dd4-a72c-4d66-bded-1066e7485083,박승현,Female,60,1962-12-23,대전 북구 56로 14
7b62f1f3-630d-462e-8aaf-b84597deb402,조예진,Female,19,2002-10-3,대구 강서구 76로 64
2293b597-8baa-41d5-9f5f-6761d191dd83,장승현,Male,60,1996-3-9,울산 동구 79길 23
0990351a-d395-430e-9bfa-535345312344,조하은,Female,64,2006-8-19,광주 강남구 67길 21
b66895a8-000e-4ac9-a46b-fed358a38609,최승현,Male,52,1964-5-6,대전 남구 61길 25
a114499a-fd7b-4a7b-96a4-f848a221e7ea,장준영,Female,53,1980-4-4,인천 강남구 17길 65
d90c4d38-419e-4539-944e-c6d969ffdf56,박승현,Male,68,1960-7-5,대전 강서구 65길 21
f7abc655-a8e1-4990-8422-ed9c961853c1,강은지,Female,65,1965-9-28,광주 북구 75길 86
5268636e-4f61-47f4-ba6b-d1419619836e,최준영,Male,59,1984-1-7,광주 북구 68길 55
95743427-5d88-4479-bd4b-0985004dc96b,이은지,Female,47,1963-3-17,광주 중구 95길 98
85ee3bcb-a62d-4fde-bd74-57df7baf1485,김지현,Female,61,1999-6-2,광주 서구 95길 30
2de66ab2-d64d-49b2-9196-694c029577c3,이하은,Female,21,1993-8-15,울산 강서구 93길 87
067249d3-819a-4334-9b07-9e5df9a7090d,박지현,Male,32,1988-5-6,부산 중구 54로 98
56572739-ae1a-408e-a3b4-7f97c4525a09,강지훈,Female,15,1986-2-21,부산 강남구 1로 95
a745fa26-3ba6-480f-baf3-dfac19e758e7,이지훈,Female,65,2004-8-28,서울 북구 10길 23
cc5c5059-1ba2-4a67-a2da-f39e3de961f6,최지훈,Male,30,1982-1-13,부산 중구 63로 42
59798ead-5a06-4cf8-bcfe-325d04eede12,최지훈,Male,38,1993-6-9,울산 북구 37길 11
a6dfbf94-bdc8-417f-8799-e365b1322b86,강하은,Male,47,1989-8-2,울산 강서구 41로 56
f8b875d0-63ae-4c84-82e8-0570cfbc0de5,김지훈,Male,20,1969-9-14,광주 서구 56로 7
d7195117-ee1f-4229-9e56-79507fa54ed7,김은지,Female,53,1993-1-27,부산 북구 51로 64
08b36077-6fa1-4d1f-afa2-d7adbc3c6390,박하은,Female,61,1998-2-21,대전 강남구 66로 18
c2b38730-b0e2-437e-945c-9f2b85c41822,이준영,Female,14,1987-2-7,인천 남구 93길 97
b33ce09a-43ae-45a9-b846-82a15e3da09c,박은지,Female,49,1998-2-17,서울 북구 64길 39
d3a249c4-d974-4d1a-a211-1db65cf0e8f1,박승현,Female,28,1978-7-9,대전 남구 3길 73
1d40c9c6-f0e9-44e9-8e7b-bd846e83aa61,박하은,Female,42,1996-12-16,서울 남구 15로 51
e119fc66-3d1b-4a94-ba58-619167d64667,최하은,Female,11,2003-9-3,대전 강남구 64로 75
878efd23-aaae-470f-bfa9-1abe64f81bf1,강하은,Female,41,1964-3-3,울산 동구 15로 62
5edaff54-3df3-4c59-9e90-9b7e2341caf9,강승현,Male,20,1960-3-5,인천 강서구 83길 89
8bc8755f-6874-4c57-b6d8-da06608b2405,장지현,Male,50,1996-2-9,울산 중구 58길 53
86d96a1f-ed31-4526-bd06-2c4109e21ad2,강은지,Male,43,1983-4-16,대전 강동구 41길 85
21cbd0af-99ad-4357-b1f0-2ec9dee25594,최예진,Male,53,2009-5-11,광주 중구 44로 16
f24ede62-fb10-4d68-8195-7e021670198e,강지훈,Female,46,1978-2-2,울산 중구 76길 71
b02670d2-7227-44ce-b171-1e52e45a1bc4,강지현,Female,26,1997-1-2,인천 남구 80길 96
a4003002-ef2a-48ce-9cc9-8c5e1a3a349a,최준영,Male,28,1984-7-2,인천 강동구 26길 59
e2baa1be-8508-4857-b870-c4ced684dfc5,박승현,Female,15,1971-3-5,인천 강동구 2길 25
f1095af1-c773-4899-8746-714a87f37390,김준영,Male,17,1977-1-27,대전 강남구 22길 48
3749509d-bd47-4755-a124-61bdf13dbf13,조준영,Male,34,2008-8-8,울산 강남구 34길 37
9a332687-e136-40c0-a644-a1536881c91f,김은지,Male,42,1967-11-24,울산 서구 29길 88
72646764-2b0f-407d-9990-2f3af6f36e53,강은지,Female,41,1967-2-23,부산 서구 91로 11
acf0fe12-d878-4efc-97df-7be6593e37e8,이은지,Male,26,1973-2-11,울산 강동구 61로 46
84aa4da4-a97a-45e6-83fc-045b8414747c,박준영,Female,11,1990-7-26,부산 강동구 51길 43
07b147e8-e85e-413a-b307-fd962f148cf0,조승현,Female,19,1977-7-4,울산 강동구 51로 92
d8c8fb7a-7191-475c-88c7-1c0bc1ede970,강은지,Female,56,1967-7-23,울산 강북구 14길 19
f6f97d07-17b5-4320-8847-b4face1a879a,조준영,Female,10,1995-2-12,대구 중구 69길 77
456f98f7-f706-4b2f-9349-a1d463872bf6,김준영,Male,52,1999-11-16,울산 강남구 97로 11
969840b5-08d4-4e43-875b-05b46dc05b43,강하은,Female,18,2006-4-23,울산 강북구 98로 92
328aab84-0b4b-41e5-88df-cb0a1519788e,강승현,Female,13,2007-1-28,울산 동구 73로 39
49b7d6b1-62bf-4d87-89eb-c04a5031b338,장승현,Female,19,1998-4-14,울산 강동구 100길 10
bdba2419-5d3d-493e-98cb-0af7ac59bfcd,박승현,Male,35,1998-11-11,울산 동구 19길 33
016ea471-0b86-48e2-be58-99e762dd7a0b,김준영,Female,11,1974-5-17,대구 동구 86길 4
dce09d70-8495-4083-9174-aa3755ad34bd,장지훈,Male,48,1971-5-21,부산 동구 7로 47
0f50a040-f272-4b62-932a-ff0c96f2284e,김승현,Female,66,1991-2-4,대전 남구 72길 73
e174535a-8fb2-474c-975f-b3762275f679,박지훈,Male,63,1978-8-23,대구 북구 5로 13
66f7a480-7bcf-4ef1-85a4-2096f5228684,박하은,Male,61,1977-11-20,대구 북구 50길 13
7f09acfd-3c6b-4434-bfac-63418b2c921b,최은지,Male,20,2009-7-1,울산 강남구 73로 52
bfc382f8-c058-43d3-b9d5-affc012539e6,이승현,Female,44,1978-5-15,대구 강남구 48길 40
1adfbec2-6980-48ad-bb0d-524548d1a893,박지훈,Male,14,2008-9-22,인천 서구 10로 36
ca98c8c0-e895-4b1c-8fc1-9486c2582d28,장하은,Male,45,1962-5-5,부산 강서구 70길 10
5fcf8beb-e36f-4db2-84e5-c8e734d0dd30,장승현,Female,36,1988-7-27,인천 강남구 24로 86
fc918749-bcf5-4262-87d4-91108400cdfe,장지훈,Male,46,1988-2-21,부산 강남구 88길 89
0e420f32-d4a2-4e25-bd82-aba6218c13dc,박은지,Male,22,1987-11-21,대구 강남구 50길 63
8a9bf43c-a282-4455-a2b5-4f7c1bca4a8c,김예진,Female,12,1999-3-11,대구 서구 94길 85
05bd4a38-52a8-4d8c-8000-89d8b04f1c15,조승현,Female,40,1992-7-4,서울 남구 25로 19
20be206d-6107-4412-acd9-5244fd726bd7,박준영,Male,65,2000-9-13,인천 강동구 58로 74
9aa45309-1ae9-41a6-8e91-af8a7b1425ba,조은지,Female,19,1997-1-21,부산 중구 63길 71
bdbcdc20-2875-46f2-b0c9-e29125f2e474,조지훈,Male,11,1988-3-14,광주 서구 8길 26
6dadc530-5239-4a87-9fec-d0d1d60a93a1,김지현,Female,13,1974-11-13,대구 북구 93길 11
2bb1ddbc-5da9-4103-b239-8cffdc53adeb,이지훈,Male,18,1987-8-19,인천 강동구 56길 5
e29851ed-3516-4c90-8c11-cadbb85c2f77,최하은,Female,70,2005-9-5,대구 강북구 86로 46
ce48a0e6-fb47-42af-aaa2-dd1a55fffe98,박예진,Female,21,1974-4-24,부산 동구 72길 24
0196908c-3a3d-40c2-8996-33816ed4ee2c,장승현,Female,31,1966-7-12,대구 서구 16길 46
86121f2a-fccf-4e1e-8082-d271ae689238,박하은,Female,46,1978-6-7,부산 남구 23로 36
8625185f-14af-484a-b958-4f71424d8147,장승현,Male,38,1968-1-25,인천 강서구 27길 37
382c4a2a-8e3c-4e16-9210-f461761f23d2,강은지,Female,57,2007-3-28,인천 동구 51길 27
cec6ec4b-6a34-48b1-9c2a-80ffc9af73b1,최하은,Male,70,1968-9-25,대구 중구 7길 11
c393fed8-3f9e-4a62-95c6-edc9731b05e9,최은지,Male,55,1981-3-3,울산 강남구 84로 92
1570c247-ffcb-4929-a254-802f047de64e,박지현,Male,42,2002-12-27,서울 북구 91길 50
f84f9211-f21d-4e36-b0e1-972451104a1d,김지현,Female,43,2008-1-9,대전 서구 63로 10
0057173d-8139-4936-86b5-962f6b7540fd,최하은,Male,35,1980-4-11,광주 강서구 34로 89
b427de74-ddd2-4a7c-8093-0d3a900a4187,이지훈,Male,38,1988-11-21,서울 남구 79로 93
856e0f9f-c99d-4bb2-ab11-17a516478b58,최지현,Female,39,1972-1-26,광주 서구 13길 78
0473edc2-1cc1-4b70-b6a7-1a9536f24c2b,이은지,Female,54,1989-11-13,인천 동구 14길 5
382fd838-0d02-4bdf-a6a3-61eda70c4f06,김은지,Male,29,1967-6-11,인천 북구 45로 73
efafb1d0-e79d-4656-a3bc-dcc1ae3abb11,김승현,Female,43,1991-3-10,서울 강서구 70로 18
c9c66776-6045-445d-9aae-a877b5a41830,조하은,Male,38,1997-12-26,울산 강동구 46길 16
3c01b5ab-bd45-449e-9ea3-919ccacbc786,장예진,Male,53,1987-8-6,대전 중구 47길 8
20513834-e23c-4043-aeb1-b10ba03870b8,강은지,Female,46,1996-8-7,부산 강남구 28로 18
f84ec76e-014a-40c0-95fc-9b5788a20bab,최지현,Male,10,1973-11-5,대전 남구 7길 76
7e78f43f-ca16-4ade-a677-b23a2e01f79f,장준영,Female,57,1970-12-11,부산 강동구 29로 97
ab37e7a4-dab8-44e1-8a5d-0ab12cf1d39c,강준영,Male,56,1990-9-20,대구 중구 22로 58
708aa895-1dcd-4f88-841a-a51d531d7b05,조승현,Male,68,1983-4-24,광주 서구 34길 70
b27ebbdf-bf62-4e6e-9af6-97448ce6a5d0,강지훈,Female,22,1984-8-22,대전 강서구 8로 27
66b100e9-147e-424b-9b32-dcea88998550,조하은,Male,32,2003-10-2,인천 강북구 68길 19
087cd0cc-23c3-4753-9f33-94d6f6e1d223,장준영,Female,64,1981-5-19,광주 강동구 82길 87
5237e11c-b297-46d5-ae7e-7dc03a4d59ab,조은지,Female,15,1997-4-24,대전 북구 64로 77
8d886ba7-7970-4cfe-bec0-4f8fbae1cf87,장준영,Male,46,1972-10-16,서울 강서구 92길 64
42082115-c7b6-447a-af16-8ae16806ab6a,조예진,Male,53,1997-1-5,인천 강북구 3길 33
1096d3c3-00f1-43d4-876f-fa42bc352dc8,김예진,Female,39,2010-10-11,부산 강서구 54로 44
b7cf1934-efe1-4062-a930-fb432e495139,김준영,Male,65,1981-12-27,광주 중구 73길 45
4031184e-eb68-4aea-a18d-6c05b9bde1aa,조지현,Male,44,2004-5-4,대전 강서구 53길 8
1dc81b03-c9dc-4cc0-a8ec-9d2c677a678b,장지현,Female,60,1987-2-8,광주 남구 47길 41
511512f6-7bf6-4db2-a083-b0795b97aaf7,최은지,Male,70,1960-10-22,울산 중구 8길 27
f77183f9-784d-4c17-a045-41c2ba641e87,박예진,Female,47,1975-7-5,부산 강북구 82로 46
cf0a2120-3e4c-4685-a023-e21c85e9dd81,박지훈,Female,59,1996-12-26,울산 강북구 26길 7
e6e5c32d-4943-4143-8270-89b9c683f46d,이은지,Male,64,1992-3-20,울산 중구 49로 14
1a67b050-671c-4463-a84d-8049879af3fc,강하은,Male,62,1988-2-8,광주 강동구 61길 19
16745397-d1eb-45fb-bbc2-3f233b67ccf7,장지현,Female,63,2007-12-23,부산 서구 95로 89
6f9159eb-1ab5-4e94-a572-90dc23484fcb,강지훈,Male,58,1974-4-22,울산 강북구 19로 42
a5e93a72-bc76-4f8c-89bd-f157f8b5285c,강예진,Male,41,1990-12-14,울산 동구 42길 45
3db1a78e-5998-4233-b8c0-cf258384715b,장은지,Male,45,1980-7-11,부산 강동구 100로 72
ff022ee4-b71a-4a3b-86ca-0ac0c4eb2d75,최하은,Male,51,1993-8-10,울산 동구 27로 29
d524b549-6407-4135-b5e8-7add3dfb1c77,김지현,Female,10,1999-8-12,인천 동구 85로 52
a58e6c5a-1d63-4a05-a948-496c99cc2b3f,강예진,Male,43,1973-9-11,광주 강북구 55로 76
49d76e6f-f781-4cf6-8d6e-5a8aa0a1f27a,장하은,Female,33,1987-6-24,인천 북구 86길 16
fe22ec11-471b-46a3-bb85-d491b0d9cb90,박승현,Male,22,1993-10-4,서울 북구 50로 24
1689b11f-c329-4bb1-ace3-d6be1e7528ae,박지현,Male,41,1999-1-1,광주 강남구 26길 41
fbed6752-fa27-4d3f-b515-0a4b247842cb,강예진,Male,60,2010-6-12,서울 동구 51로 83
af815cfd-6012-4fd5-bc42-8bd39eabdac4,이하은,Male,58,1962-12-11,서울 서구 66길 58
0acf3550-3b91-43ad-b00f-cee34cd2bfa0,박승현,Male,66,1980-8-26,대전 강서구 64로 76
7e33f221-dd36-4b16-a726-7d36039f6999,이승현,Male,29,1965-1-10,대구 강북구 52로 24
38221653-3f12-486e-b9ca-fe63b78cc470,김지현,Male,44,1970-3-26,서울 동구 13길 62
95869204-e8a4-4206-86c5-576e4766325e,최승현,Male,66,1978-4-11,서울 동구 59길 33
d2e5a936-e844-4345-ae92-24f56afa9e3c,박준영,Female,18,1986-8-2,대전 동구 26로 33
8057d955-5389-41fd-8e40-576720cecb95,이준영,Female,59,1966-7-3,대구 강동구 11로 67
3ef9cf5d-b9a9-4a42-9f7b-f781bc879e1d,조지현,Male,40,1976-7-3,부산 남구 76길 39
8e809a3e-694e-4af8-bdf5-762f52f296b6,이준영,Female,53,2006-12-19,서울 중구 75로 50
fb7d06a9-6e8f-4e83-9ce0-53d27f55d7fa,이하은,Male,16,1965-4-14,부산 남구 56길 72
89e0d70a-14b6-42d7-be04-efa8e3ce3d07,박예진,Female,54,1986-2-15,대구 동구 38로 52
48126726-d14e-4cb1-b0d2-a2828697a71b,박준영,Female,24,1969-12-27,대구 강북구 27길 93
bc6ccbec-26d8-4176-a686-18fb19f326d8,최승현,Female,32,1967-7-10,광주 강서구 99길 32
4cf7b32f-a2e3-4d11-8e2e-d6f82644e7b2,김예진,Female,14,1996-3-24,부산 서구 90로 67
c70b703d-cad1-450d-845d-34df08502d6e,강예진,Female,52,2002-2-17,대구 강북구 29길 24
4067e7ba-ac36-408b-a312-38da549c8d10,최하은,Male,28,1982-10-20,대전 중구 20로 79
b9a45a8b-0a39-4a94-a48e-de5474710015,장준영,Female,50,1978-3-26,대구 남구 95길 69
528552e6-a9cb-4213-bc80-797424c976bb,김예진,Male,31,1968-9-27,부산 강서구 68길 94
187c8b41-cd08-4551-ae0e-1dcb5f73864d,강지현,Male,42,1974-2-19,대구 강동구 61길 63
9cf4cd83-7b4a-4db5-8179-37d16068e6a7,조승현,Female,17,1979-9-20,울산 북구 25길 45
43e85d3a-bef1-4c73-a1da-0bfdd27179fa,최준영,Male,60,1978-11-12,대구 강남구 28길 38
b7737ac6-1f5c-4bc7-860b-bc6a47d269ed,장지현,Female,27,1969-2-9,부산 강북구 20로 92
6ae5d045-3b03-401d-9dbe-56c54a46f31d,장지현,Female,36,1988-7-3,울산 북구 93길 86
8291dd7e-e5f8-4cb7-a238-832daa3fdbef,장하은,Female,53,1964-6-28,광주 서구 28로 70
05185fb2-49ed-4ceb-9896-00e02d7f6ecb,박하은,Female,25,1976-3-21,대구 중구 41길 66
d8c74722-a787-4210-8f47-ba18d949bdb9,최지현,Female,33,1981-5-4,대전 중구 28길 89
6e4f21cb-81cb-49d1-acf9-1c1ea16b3dd1,강하은,Male,68,1974-1-3,울산 강남구 49로 70
a8358e8d-10d6-4088-8cca-a59073907eae,최지훈,Female,17,1961-6-5,대구 강북구 88로 77
ff433931-3cdf-4ae8-9fc0-d8db28c0b225,강승현,Male,70,2009-6-18,대전 강북구 41로 52
683db47d-c01c-4ac0-aff2-81b2ad711704,김지현,Male,34,1988-8-28,서울 남구 88로 83
aa98306d-75a1-49ba-9ebf-b7ef75bfaaea,조준영,Male,42,2005-5-2,광주 강남구 51로 34
ae200340-46c5-4329-b41c-5456e553e5e2,장하은,Male,40,1996-6-16,서울 서구 19로 91
29c27890-30ad-4662-a454-78f923f9712a,강지현,Male,38,2004-5-13,대전 강북구 12길 92
985199df-3968-4baf-861a-eb70006b9145,김준영,Male,58,1969-4-22,서울 중구 9로 13
6959da5e-c4aa-43b8-a263-4ed59bcd99cf,조지현,Female,21,1991-4-14,서울 북구 34로 30
424d48ec-3b8e-472c-b9ea-68b48f135e47,장승현,Male,50,1967-6-4,광주 북구 58로 78
d80363b7-4efb-4ff7-b189-71a6b8f1c2b5,박지현,Female,24,2003-7-10,울산 강동구 100길 77
178d830c-8eba-40cd-b3a8-dae8c40ce7d8,조예진,Female,16,1995-10-27,부산 북구 33로 47
bef7d1e0-4c33-4179-8061-7e7523b33ea7,김지현,Male,67,1961-10-22,대구 강서구 38로 61
256b16a2-e6be-4089-ac08-01ca6bb7e3da,최승현,Male,69,1970-4-22,대구 강남구 17길 14
2ccacf67-7373-4bb8-ba19-258d25c26b28,장은지,Male,46,1964-4-23,대구 남구 93로 51
73f455f4-07d3-4abb-a125-636a536ac0de,강지현,Female,19,1989-12-4,대구 강동구 63로 26
b08bdf5e-81d6-4d66-9735-38b9d817ca59,강승현,Male,54,1991-4-17,부산 강북구 84길 44
8eafe57c-c204-4a75-9c03-b114295e1e35,강승현,Male,21,1994-8-12,서울 강서구 75길 10
c71330ac-fc41-41e8-baac-78c3de2b7867,박예진,Male,67,1977-10-25,부산 강남구 66길 66
2be80922-eaac-4ab4-bfbf-2668d14f70aa,조지현,Male,12,1997-3-28,대전 중구 41로 3
4e814011-d805-455d-94f8-4200df879629,박하은,Male,44,1969-7-24,대구 중구 99길 96
a5f94417-9f7b-4fcf-9c36-6f277b1c0b33,김예진,Male,55,1977-5-25,광주 강동구 74로 3
79cdbaf9-e16b-4ddc-ae15-1199544be119,박지현,Male,59,1982-12-19,울산 강북구 9길 20
59957153-9961-4373-9c59-b495688dedf4,김지훈,Male,28,1967-5-7,울산 강북구 94길 75
340e8018-c24f-4bab-9897-bf4438b54016,이하은,Male,41,1970-3-9,서울 강남구 41로 53
f62de901-848e-4455-877d-75a801cfc076,박지현,Male,68,2004-6-12,대구 동구 40길 90
8732b707-a40b-4ccc-b244-e3ccd2d6c9b5,최지훈,Male,36,1993-6-4,울산 강북구 20길 51
a7f60901-768a-40f1-b3c6-9871d41e7aee,장지현,Female,54,2002-4-1,인천 강북구 69로 70
55fc2240-5a1e-478f-b9c7-5388cf79b15c,장준영,Female,60,2005-11-20,대전 서구 84길 42
673ea2b4-425f-4454-840a-e701a16cbb78,조하은,Female,48,1988-12-8,대구 남구 21로 63
8d7a009d-e79d-44e3-aa86-ffe12b45a34e,박지현,Female,62,1965-6-14,울산 강동구 2길 30
81ee8606-028d-4fb9-b955-a904a73311a9,장하은,Male,61,1970-9-28,대전 남구 29길 90
1ae3b976-8148-4f4f-8a3d-8695d3d1c14c,박은지,Male,46,1984-7-15,인천 강남구 31길 64
285b8e4e-2ed9-4b3a-81fd-812ee721cdb7,이지훈,Female,61,1986-8-9,대구 강남구 57로 32
26615543-950d-44d4-9bad-7911dbc94334,장준영,Male,58,2000-8-7,광주 남구 69길 80
9c6540c0-8d01-4ab3-95a8-1db1d538120e,장예진,Male,61,1978-6-24,대구 강서구 23길 51
ea4ac970-fa69-416d-9bcc-c955857ad310,장지훈,Female,22,1967-3-18,울산 강동구 54길 100
98f41b0a-e072-412e-9eed-dc78fd59fcde,조지현,Male,45,2010-7-13,부산 서구 84로 12
dde750ab-55fc-4e55-9c87-44e15e85e7c8,강예진,Male,34,1971-8-27,대구 서구 21로 13
88f25d9d-9c20-459b-bc2b-5ca2793d230e,조승현,Female,56,2005-10-3,서울 동구 94길 38
67cf2e37-c6ce-4413-bd01-72e38184f5c7,최지훈,Male,67,1977-8-10,울산 강남구 41길 4
6d0fc38b-b431-4c09-9034-f4e00ecec5f6,김은지,Female,14,1968-1-5,부산 남구 93길 78
1e7e6f90-fb07-4472-a2f4-81935a8444d0,최지현,Male,32,1961-11-3,인천 강동구 57로 56
4f9983b0-00a4-4862-9318-c42d394d36f2,김지현,Female,69,1974-12-10,부산 북구 23길 3
8c3fc0b1-8a78-47c1-9f1a-bf9575dfcb7f,장승현,Male,30,1997-9-5,대구 강북구 59로 23
8d47b5b1-2642-40ea-a4b0-292a61c277f3,조승현,Female,16,1988-3-11,광주 강서구 67로 17
601e8873-6c3e-4ef3-965b-f080a5054538,박하은,Female,50,1971-1-8,인천 강남구 67로 55
86aa65f8-d0dc-4303-888d-f0d39b73b918,조준영,Female,68,1976-9-15,대구 중구 41길 9
0fa4b1f1-ad63-4b06-9b0c-2c147f038274,장지현,Female,52,1975-1-17,대전 북구 97길 94
ac8f3851-9ec9-436f-bf8c-f4dcdae535f8,박예진,Female,24,1996-7-5,서울 남구 19로 87
089d9fb8-3bb9-4560-aa5b-2a7b1204c6bf,강지현,Male,65,2003-6-7,부산 남구 90로 64
ec4eafdd-eaf0-47e3-9b10-2c8b3489a670,이예진,Male,41,2003-5-15,인천 북구 36길 9
1452a341-e5a9-4d47-a499-00fc644023a5,조하은,Female,66,1982-11-27,광주 남구 68로 83
ad75ffd5-db53-4744-9a7f-c7c572cae040,이준영,Female,56,1961-11-18,대전 강남구 51길 79
174f0c60-36ab-4f49-95e2-5e09cae175d6,박예진,Male,61,1986-7-5,서울 강남구 11길 6
d5885bb7-0670-4bb5-97df-4899164166f3,최준영,Female,13,1974-5-14,서울 강북구 12길 57
6ce8cfec-e4c8-4ee0-a2f7-133d09338222,김예진,Male,11,1978-10-9,대구 강남구 97길 43
3cc5274d-1006-4c98-b32d-6b4d86e961a3,김준영,Male,54,1977-9-26,부산 동구 99길 75
336f75a1-e5de-49ed-8096-820f5bcb5010,장예진,Male,22,1982-9-20,부산 서구 18길 20
3d54190f-13b3-4235-b1b2-65c41cf0a2c0,김예진,Male,56,1991-11-6,광주 남구 56길 20
2c16da88-586e-4041-91f5-20a4c8f70906,김지현,Female,13,1977-8-4,대전 강북구 36길 85
35e5e13e-9230-4d92-a87e-1ff53721b116,박은지,Female,41,1994-4-2,광주 남구 10길 17
e6b8ba50-dc20-4f38-9548-c195da45cda0,조하은,Male,17,2001-10-21,인천 서구 7길 59
36aee217-a62e-4551-8721-6a5750b5a99b,이하은,Male,66,1997-9-17,대구 서구 20길 76
d16a6b43-d3d5-4002-b107-559937dccdbf,김하은,Male,27,1996-3-24,광주 남구 97길 76
da119551-ba91-4e29-8dfb-27d35ff9f254,박예진,Male,37,1965-9-15,부산 강서구 84로 34
e68d5e46-688b-42cc-b500-2c31e6ebd4b1,조지훈,Female,66,1976-3-1,울산 강남구 68길 100
8783fb92-2d0d-4e7d-9849-d26470d363c3,박지현,Male,54,1996-7-18,부산 강북구 46로 38
cee5b4cd-2898-4f56-92c5-56f796fd2ef1,강예진,Male,24,1973-4-10,서울 강동구 97길 22
a7452bb2-c66d-4a87-a8af-53557ebb511d,조은지,Female,54,1988-10-23,광주 강남구 76로 4
16964cc3-48e2-4a63-aafd-6198119445e2,강승현,Female,61,1971-9-20,울산 남구 50길 16
33fe1356-0737-4b35-94c1-6be265cdd4f5,최준영,Male,13,1969-4-23,인천 동구 69길 46
099cb92d-9be4-4b2c-a56b-c7c23138d613,강준영,Female,38,1998-7-5,서울 강북구 69로 38
d4a89755-05fe-450c-bfc1-116bd47c7ddd,김예진,Female,39,1977-6-5,대구 북구 6길 12
31e04536-eedf-4255-9298-6ce0d27d610c,이지훈,Male,22,2005-3-9,대구 남구 27길 81
02959845-5502-4097-8941-5b4c45be87d6,최지현,Female,66,1965-10-13,광주 중구 29로 84
96260b52-4858-4e8c-a185-9160b620a508,이하은,Male,65,1996-9-8,광주 중구 10길 44
b280c001-e7c6-438d-aa78-517de5fd616c,김승현,Female,70,1998-9-28,부산 중구 34길 5